cell,arc,meas,slew_idx,load_idx,slew,load,corner,v0,v_sim,dv,dv_rel
INV_X1,A_r_ZN_f,delay,0,0,1.000000e-11,1.000000e-15,PU0_m3s,1.470415e-11,1.473956e-11,3.541000e-14,2.408164e-03
INV_X1,A_r_ZN_f,trans,0,0,1.000000e-11,1.000000e-15,PU0_m3s,1.029284e-11,1.029264e-11,-2.000000e-16,-1.943098e-05
INV_X1,A_r_ZN_f,delay,0,1,1.000000e-11,4.000000e-15,PU0_m3s,2.540853e-11,2.542937e-11,2.084000e-14,8.201970e-04
INV_X1,A_r_ZN_f,trans,0,1,1.000000e-11,4.000000e-15,PU0_m3s,2.389741e-11,2.389740e-11,-1.000000e-17,-4.184554e-07
INV_X1,A_r_ZN_f,delay,0,2,1.000000e-11,1.200000e-14,PU0_m3s,5.328358e-11,5.329291e-11,9.330000e-15,1.751008e-04
INV_X1,A_r_ZN_f,trans,0,2,1.000000e-11,1.200000e-14,PU0_m3s,6.017713e-11,6.017713e-11,0.000000e+00,0.000000e+00
INV_X1,A_r_ZN_f,delay,1,0,3.000000e-11,1.000000e-15,PU0_m3s,2.202089e-11,2.206814e-11,4.725000e-14,2.145690e-03
INV_X1,A_r_ZN_f,trans,1,0,3.000000e-11,1.000000e-15,PU0_m3s,1.285186e-11,1.281767e-11,-3.419000e-14,-2.660315e-03
INV_X1,A_r_ZN_f,delay,1,1,3.000000e-11,4.000000e-15,PU0_m3s,3.306038e-11,3.309787e-11,3.749000e-14,1.133986e-03
INV_X1,A_r_ZN_f,trans,1,1,3.000000e-11,4.000000e-15,PU0_m3s,2.431095e-11,2.430200e-11,-8.950000e-15,-3.681469e-04
INV_X1,A_r_ZN_f,delay,1,2,3.000000e-11,1.200000e-14,PU0_m3s,6.106910e-11,6.109136e-11,2.226000e-14,3.645051e-04
INV_X1,A_r_ZN_f,trans,1,2,3.000000e-11,1.200000e-14,PU0_m3s,6.017707e-11,6.017710e-11,3.000000e-17,4.985288e-07
INV_X1,A_r_ZN_f,delay,2,0,8.000000e-11,1.000000e-15,PU0_m3s,3.355257e-11,3.357422e-11,2.165000e-14,6.452561e-04
INV_X1,A_r_ZN_f,trans,2,0,8.000000e-11,1.000000e-15,PU0_m3s,2.282545e-11,2.280032e-11,-2.513000e-14,-1.100964e-03
INV_X1,A_r_ZN_f,delay,2,1,8.000000e-11,4.000000e-15,PU0_m3s,5.076944e-11,5.081041e-11,4.097000e-14,8.069815e-04
INV_X1,A_r_ZN_f,trans,2,1,8.000000e-11,4.000000e-15,PU0_m3s,3.375328e-11,3.371717e-11,-3.611000e-14,-1.069822e-03
INV_X1,A_r_ZN_f,delay,2,2,8.000000e-11,1.200000e-14,PU0_m3s,8.083652e-11,8.086973e-11,3.321000e-14,4.108292e-04
INV_X1,A_r_ZN_f,trans,2,2,8.000000e-11,1.200000e-14,PU0_m3s,6.245970e-11,6.244767e-11,-1.203000e-14,-1.926042e-04
INV_X1,A_f_ZN_r,delay,0,0,1.000000e-11,1.000000e-15,PU0_m3s,1.806795e-11,1.918889e-11,1.120940e-12,6.204024e-02
INV_X1,A_f_ZN_r,trans,0,0,1.000000e-11,1.000000e-15,PU0_m3s,1.611505e-11,1.744722e-11,1.332170e-12,8.266620e-02
INV_X1,A_f_ZN_r,delay,0,1,1.000000e-11,4.000000e-15,PU0_m3s,3.279435e-11,3.510544e-11,2.311090e-12,7.047220e-02
INV_X1,A_f_ZN_r,trans,0,1,1.000000e-11,4.000000e-15,PU0_m3s,3.661626e-11,3.964266e-11,3.026400e-12,8.265181e-02
INV_X1,A_f_ZN_r,delay,0,2,1.000000e-11,1.200000e-14,PU0_m3s,7.137842e-11,7.679900e-11,5.420580e-12,7.594144e-02
INV_X1,A_f_ZN_r,trans,0,2,1.000000e-11,1.200000e-14,PU0_m3s,9.128664e-11,9.883094e-11,7.544300e-12,8.264408e-02
INV_X1,A_f_ZN_r,delay,1,0,3.000000e-11,1.000000e-15,PU0_m3s,2.638431e-11,2.749292e-11,1.108610e-12,4.201777e-02
INV_X1,A_f_ZN_r,trans,1,0,3.000000e-11,1.000000e-15,PU0_m3s,1.816676e-11,1.918752e-11,1.020760e-12,5.618834e-02
INV_X1,A_f_ZN_r,delay,1,1,3.000000e-11,4.000000e-15,PU0_m3s,4.095798e-11,4.325915e-11,2.301170e-12,5.618368e-02
INV_X1,A_f_ZN_r,trans,1,1,3.000000e-11,4.000000e-15,PU0_m3s,3.661625e-11,3.964265e-11,3.026400e-12,8.265183e-02
INV_X1,A_f_ZN_r,delay,1,2,3.000000e-11,1.200000e-14,PU0_m3s,7.961634e-11,8.504196e-11,5.425620e-12,6.814707e-02
INV_X1,A_f_ZN_r,trans,1,2,3.000000e-11,1.200000e-14,PU0_m3s,9.128658e-11,9.883094e-11,7.544360e-12,8.264479e-02
INV_X1,A_f_ZN_r,delay,2,0,8.000000e-11,1.000000e-15,PU0_m3s,4.194191e-11,4.387622e-11,1.934310e-12,4.611879e-02
INV_X1,A_f_ZN_r,trans,2,0,8.000000e-11,1.000000e-15,PU0_m3s,3.004457e-11,3.108896e-11,1.044390e-12,3.476136e-02
INV_X1,A_f_ZN_r,delay,2,1,8.000000e-11,4.000000e-15,PU0_m3s,6.199059e-11,6.457484e-11,2.584250e-12,4.168778e-02
INV_X1,A_f_ZN_r,trans,2,1,8.000000e-11,4.000000e-15,PU0_m3s,4.426741e-11,4.647795e-11,2.210540e-12,4.993606e-02
INV_X1,A_f_ZN_r,delay,2,2,8.000000e-11,1.200000e-14,PU0_m3s,1.006885e-10,1.061449e-10,5.456400e-12,5.419090e-02
INV_X1,A_f_ZN_r,trans,2,2,8.000000e-11,1.200000e-14,PU0_m3s,9.181450e-11,9.906501e-11,7.250510e-12,7.896912e-02
NAND2_X1,A_r_ZN_f,delay,0,0,1.000000e-11,1.000000e-15,PU0_m3s,1.674115e-11,1.676714e-11,2.599000e-14,1.552462e-03
NAND2_X1,A_r_ZN_f,trans,0,0,1.000000e-11,1.000000e-15,PU0_m3s,1.379447e-11,1.379471e-11,2.400000e-16,1.739828e-05
NAND2_X1,A_r_ZN_f,delay,0,1,1.000000e-11,4.000000e-15,PU0_m3s,2.582710e-11,2.584350e-11,1.640000e-14,6.349919e-04
NAND2_X1,A_r_ZN_f,trans,0,1,1.000000e-11,4.000000e-15,PU0_m3s,2.556354e-11,2.556347e-11,-7.000000e-17,-2.738275e-06
NAND2_X1,A_r_ZN_f,delay,0,2,1.000000e-11,1.200000e-14,PU0_m3s,4.971340e-11,4.972141e-11,8.010000e-15,1.611236e-04
NAND2_X1,A_r_ZN_f,trans,0,2,1.000000e-11,1.200000e-14,PU0_m3s,5.688010e-11,5.688008e-11,-2.000000e-17,-3.516168e-07
NAND2_X1,A_r_ZN_f,delay,1,0,3.000000e-11,1.000000e-15,PU0_m3s,2.374415e-11,2.378350e-11,3.935000e-14,1.657250e-03
NAND2_X1,A_r_ZN_f,trans,1,0,3.000000e-11,1.000000e-15,PU0_m3s,1.577633e-11,1.575295e-11,-2.338000e-14,-1.481967e-03
NAND2_X1,A_r_ZN_f,delay,1,1,3.000000e-11,4.000000e-15,PU0_m3s,3.291998e-11,3.295091e-11,3.093000e-14,9.395510e-04
NAND2_X1,A_r_ZN_f,trans,1,1,3.000000e-11,4.000000e-15,PU0_m3s,2.601027e-11,2.600297e-11,-7.300000e-15,-2.806584e-04
NAND2_X1,A_r_ZN_f,delay,1,2,3.000000e-11,1.200000e-14,PU0_m3s,5.689694e-11,5.691582e-11,1.888000e-14,3.318280e-04
NAND2_X1,A_r_ZN_f,trans,1,2,3.000000e-11,1.200000e-14,PU0_m3s,5.687999e-11,5.687995e-11,-4.000000e-17,-7.032350e-07
NAND2_X1,A_r_ZN_f,delay,2,0,8.000000e-11,1.000000e-15,PU0_m3s,3.500935e-11,3.503425e-11,2.490000e-14,7.112386e-04
NAND2_X1,A_r_ZN_f,trans,2,0,8.000000e-11,1.000000e-15,PU0_m3s,2.581075e-11,2.578508e-11,-2.567000e-14,-9.945468e-04
NAND2_X1,A_r_ZN_f,delay,2,1,8.000000e-11,4.000000e-15,PU0_m3s,4.898940e-11,4.902391e-11,3.451000e-14,7.044381e-04
NAND2_X1,A_r_ZN_f,trans,2,1,8.000000e-11,4.000000e-15,PU0_m3s,3.549512e-11,3.546646e-11,-2.866000e-14,-8.074349e-04
NAND2_X1,A_r_ZN_f,delay,2,2,8.000000e-11,1.200000e-14,PU0_m3s,7.518977e-11,7.521640e-11,2.663000e-14,3.541705e-04
NAND2_X1,A_r_ZN_f,trans,2,2,8.000000e-11,1.200000e-14,PU0_m3s,6.013124e-11,6.011956e-11,-1.168000e-14,-1.942418e-04
NAND2_X1,A_f_ZN_r,delay,0,0,1.000000e-11,1.000000e-15,PU0_m3s,2.434389e-11,2.596894e-11,1.625050e-12,6.675392e-02
NAND2_X1,A_f_ZN_r,trans,0,0,1.000000e-11,1.000000e-15,PU0_m3s,2.369471e-11,2.565349e-11,1.958780e-12,8.266740e-02
NAND2_X1,A_f_ZN_r,delay,0,1,1.000000e-11,4.000000e-15,PU0_m3s,3.927560e-11,4.210719e-11,2.831590e-12,7.209540e-02
NAND2_X1,A_f_ZN_r,trans,0,1,1.000000e-11,4.000000e-15,PU0_m3s,4.419603e-11,4.784911e-11,3.653080e-12,8.265629e-02
NAND2_X1,A_f_ZN_r,delay,0,2,1.000000e-11,1.200000e-14,PU0_m3s,7.810387e-11,8.406497e-11,5.961100e-12,7.632272e-02
NAND2_X1,A_f_ZN_r,trans,0,2,1.000000e-11,1.200000e-14,PU0_m3s,9.886646e-11,1.070376e-10,8.171140e-12,8.264825e-02
NAND2_X1,A_f_ZN_r,delay,1,0,3.000000e-11,1.000000e-15,PU0_m3s,3.224924e-11,3.382956e-11,1.580320e-12,4.900333e-02
NAND2_X1,A_f_ZN_r,trans,1,0,3.000000e-11,1.000000e-15,PU0_m3s,2.436131e-11,2.609569e-11,1.734380e-12,7.119404e-02
NAND2_X1,A_f_ZN_r,delay,1,1,3.000000e-11,4.000000e-15,PU0_m3s,4.704226e-11,4.982947e-11,2.787210e-12,5.924907e-02
NAND2_X1,A_f_ZN_r,trans,1,1,3.000000e-11,4.000000e-15,PU0_m3s,4.419594e-11,4.784918e-11,3.653240e-12,8.266008e-02
NAND2_X1,A_f_ZN_r,delay,1,2,3.000000e-11,1.200000e-14,PU0_m3s,8.603645e-11,9.197620e-11,5.939750e-12,6.903760e-02
NAND2_X1,A_f_ZN_r,trans,1,2,3.000000e-11,1.200000e-14,PU0_m3s,9.886646e-11,1.070376e-10,8.171140e-12,8.264825e-02
NAND2_X1,A_f_ZN_r,delay,2,0,8.000000e-11,1.000000e-15,PU0_m3s,5.118165e-11,5.339429e-11,2.212640e-12,4.323112e-02
NAND2_X1,A_f_ZN_r,trans,2,0,8.000000e-11,1.000000e-15,PU0_m3s,3.515976e-11,3.631463e-11,1.154870e-12,3.284636e-02
NAND2_X1,A_f_ZN_r,delay,2,1,8.000000e-11,4.000000e-15,PU0_m3s,6.823589e-11,7.102859e-11,2.792700e-12,4.092714e-02
NAND2_X1,A_f_ZN_r,trans,2,1,8.000000e-11,4.000000e-15,PU0_m3s,4.973381e-11,5.262884e-11,2.895030e-12,5.821050e-02
NAND2_X1,A_f_ZN_r,delay,2,2,8.000000e-11,1.200000e-14,PU0_m3s,1.067708e-10,1.127060e-10,5.935200e-12,5.558823e-02
NAND2_X1,A_f_ZN_r,trans,2,2,8.000000e-11,1.200000e-14,PU0_m3s,9.904296e-11,1.070420e-10,7.999040e-12,8.076334e-02
NAND2_X1,B_r_ZN_f,delay,0,0,1.000000e-11,1.000000e-15,PU0_m3s,2.024899e-11,2.027212e-11,2.313000e-14,1.142279e-03
NAND2_X1,B_r_ZN_f,trans,0,0,1.000000e-11,1.000000e-15,PU0_m3s,1.380378e-11,1.380384e-11,6.000000e-17,4.346635e-06
NAND2_X1,B_r_ZN_f,delay,0,1,1.000000e-11,4.000000e-15,PU0_m3s,2.931109e-11,2.932544e-11,1.435000e-14,4.895758e-04
NAND2_X1,B_r_ZN_f,trans,0,1,1.000000e-11,4.000000e-15,PU0_m3s,2.556396e-11,2.556397e-11,1.000000e-17,3.911757e-07
NAND2_X1,B_r_ZN_f,delay,0,2,1.000000e-11,1.200000e-14,PU0_m3s,5.317776e-11,5.318473e-11,6.970000e-15,1.310698e-04
NAND2_X1,B_r_ZN_f,trans,0,2,1.000000e-11,1.200000e-14,PU0_m3s,5.688009e-11,5.688007e-11,-2.000000e-17,-3.516169e-07
NAND2_X1,B_r_ZN_f,delay,1,0,3.000000e-11,1.000000e-15,PU0_m3s,2.633793e-11,2.637708e-11,3.915000e-14,1.486449e-03
NAND2_X1,B_r_ZN_f,trans,1,0,3.000000e-11,1.000000e-15,PU0_m3s,1.442010e-11,1.441239e-11,-7.710000e-15,-5.346704e-04
NAND2_X1,B_r_ZN_f,delay,1,1,3.000000e-11,4.000000e-15,PU0_m3s,3.552234e-11,3.555325e-11,3.091000e-14,8.701566e-04
NAND2_X1,B_r_ZN_f,trans,1,1,3.000000e-11,4.000000e-15,PU0_m3s,2.568752e-11,2.568491e-11,-2.610000e-15,-1.016058e-04
NAND2_X1,B_r_ZN_f,delay,1,2,3.000000e-11,1.200000e-14,PU0_m3s,5.951652e-11,5.953452e-11,1.800000e-14,3.024370e-04
NAND2_X1,B_r_ZN_f,trans,1,2,3.000000e-11,1.200000e-14,PU0_m3s,5.688009e-11,5.688005e-11,-4.000000e-17,-7.032338e-07
NAND2_X1,B_r_ZN_f,delay,2,0,8.000000e-11,1.000000e-15,PU0_m3s,3.729160e-11,3.733855e-11,4.695000e-14,1.258997e-03
NAND2_X1,B_r_ZN_f,trans,2,0,8.000000e-11,1.000000e-15,PU0_m3s,1.989446e-11,1.986715e-11,-2.731000e-14,-1.372744e-03
NAND2_X1,B_r_ZN_f,delay,2,1,8.000000e-11,4.000000e-15,PU0_m3s,4.877420e-11,4.881947e-11,4.527000e-14,9.281546e-04
NAND2_X1,B_r_ZN_f,trans,2,1,8.000000e-11,4.000000e-15,PU0_m3s,3.025369e-11,3.023366e-11,-2.003000e-14,-6.620680e-04
NAND2_X1,B_r_ZN_f,delay,2,2,8.000000e-11,1.200000e-14,PU0_m3s,7.420764e-11,7.424032e-11,3.268000e-14,4.403859e-04
NAND2_X1,B_r_ZN_f,trans,2,2,8.000000e-11,1.200000e-14,PU0_m3s,5.848897e-11,5.848287e-11,-6.100000e-15,-1.042932e-04
NAND2_X1,B_f_ZN_r,delay,0,0,1.000000e-11,1.000000e-15,PU0_m3s,3.113188e-11,3.336333e-11,2.231450e-12,7.167733e-02
NAND2_X1,B_f_ZN_r,trans,0,0,1.000000e-11,1.000000e-15,PU0_m3s,2.936454e-11,3.180167e-11,2.437130e-12,8.299568e-02
NAND2_X1,B_f_ZN_r,delay,0,1,1.000000e-11,4.000000e-15,PU0_m3s,4.599767e-11,4.941482e-11,3.417150e-12,7.428963e-02
NAND2_X1,B_f_ZN_r,trans,0,1,1.000000e-11,4.000000e-15,PU0_m3s,5.001982e-11,5.417222e-11,4.152400e-12,8.301509e-02
NAND2_X1,B_f_ZN_r,delay,0,2,1.000000e-11,1.200000e-14,PU0_m3s,8.482868e-11,9.136173e-11,6.533050e-12,7.701464e-02
NAND2_X1,B_f_ZN_r,trans,0,2,1.000000e-11,1.200000e-14,PU0_m3s,1.049435e-10,1.136418e-10,8.698300e-12,8.288555e-02
NAND2_X1,B_f_ZN_r,delay,1,0,3.000000e-11,1.000000e-15,PU0_m3s,3.913311e-11,4.133792e-11,2.204810e-12,5.634129e-02
NAND2_X1,B_f_ZN_r,trans,1,0,3.000000e-11,1.000000e-15,PU0_m3s,2.934020e-11,3.179280e-11,2.452600e-12,8.359180e-02
NAND2_X1,B_f_ZN_r,delay,1,1,3.000000e-11,4.000000e-15,PU0_m3s,5.401635e-11,5.741467e-11,3.398320e-12,6.291280e-02
NAND2_X1,B_f_ZN_r,trans,1,1,3.000000e-11,4.000000e-15,PU0_m3s,5.001985e-11,5.417222e-11,4.152370e-12,8.301444e-02
NAND2_X1,B_f_ZN_r,delay,1,2,3.000000e-11,1.200000e-14,PU0_m3s,9.296448e-11,9.949426e-11,6.529780e-12,7.023952e-02
NAND2_X1,B_f_ZN_r,trans,1,2,3.000000e-11,1.200000e-14,PU0_m3s,1.049435e-10,1.136418e-10,8.698300e-12,8.288555e-02
NAND2_X1,B_f_ZN_r,delay,2,0,8.000000e-11,1.000000e-15,PU0_m3s,6.014478e-11,6.268302e-11,2.538240e-12,4.220217e-02
NAND2_X1,B_f_ZN_r,trans,2,0,8.000000e-11,1.000000e-15,PU0_m3s,3.691215e-11,3.854783e-11,1.635680e-12,4.431278e-02
NAND2_X1,B_f_ZN_r,delay,2,1,8.000000e-11,4.000000e-15,PU0_m3s,7.528683e-11,7.870460e-11,3.417770e-12,4.539665e-02
NAND2_X1,B_f_ZN_r,trans,2,1,8.000000e-11,4.000000e-15,PU0_m3s,5.353000e-11,5.701788e-11,3.487880e-12,6.515748e-02
NAND2_X1,B_f_ZN_r,delay,2,2,8.000000e-11,1.200000e-14,PU0_m3s,1.139782e-10,1.205310e-10,6.552800e-12,5.749170e-02
NAND2_X1,B_f_ZN_r,trans,2,2,8.000000e-11,1.200000e-14,PU0_m3s,1.049473e-10,1.136424e-10,8.695100e-12,8.285206e-02
NOR2_X1,A_r_ZN_f,delay,0,0,1.000000e-11,1.000000e-15,PU0_m3s,3.149759e-11,3.123837e-11,-2.592200e-13,-8.229836e-03
NOR2_X1,A_r_ZN_f,trans,0,0,1.000000e-11,1.000000e-15,PU0_m3s,2.592475e-11,2.594068e-11,1.593000e-14,6.144707e-04
NOR2_X1,A_r_ZN_f,delay,0,1,1.000000e-11,4.000000e-15,PU0_m3s,4.314472e-11,4.294285e-11,-2.018700e-13,-4.678904e-03
NOR2_X1,A_r_ZN_f,trans,0,1,1.000000e-11,4.000000e-15,PU0_m3s,3.980905e-11,3.982130e-11,1.225000e-14,3.077190e-04
NOR2_X1,A_r_ZN_f,delay,0,2,1.000000e-11,1.200000e-14,PU0_m3s,7.231605e-11,7.218118e-11,-1.348700e-13,-1.865008e-03
NOR2_X1,A_r_ZN_f,trans,0,2,1.000000e-11,1.200000e-14,PU0_m3s,7.633279e-11,7.632397e-11,-8.820000e-15,-1.155467e-04
NOR2_X1,A_r_ZN_f,delay,1,0,3.000000e-11,1.000000e-15,PU0_m3s,3.872590e-11,3.849195e-11,-2.339500e-13,-6.041177e-03
NOR2_X1,A_r_ZN_f,trans,1,0,3.000000e-11,1.000000e-15,PU0_m3s,2.570503e-11,2.567814e-11,-2.689000e-14,-1.046099e-03
NOR2_X1,A_r_ZN_f,delay,1,1,3.000000e-11,4.000000e-15,PU0_m3s,5.046492e-11,5.027894e-11,-1.859800e-13,-3.685332e-03
NOR2_X1,A_r_ZN_f,trans,1,1,3.000000e-11,4.000000e-15,PU0_m3s,3.977259e-11,3.976921e-11,-3.380000e-15,-8.498315e-05
NOR2_X1,A_r_ZN_f,delay,1,2,3.000000e-11,1.200000e-14,PU0_m3s,7.975798e-11,7.962865e-11,-1.293300e-13,-1.621531e-03
NOR2_X1,A_r_ZN_f,trans,1,2,3.000000e-11,1.200000e-14,PU0_m3s,7.633325e-11,7.632319e-11,-1.006000e-14,-1.317905e-04
NOR2_X1,A_r_ZN_f,delay,2,0,8.000000e-11,1.000000e-15,PU0_m3s,5.806978e-11,5.784992e-11,-2.198600e-13,-3.786135e-03
NOR2_X1,A_r_ZN_f,trans,2,0,8.000000e-11,1.000000e-15,PU0_m3s,3.141575e-11,3.140079e-11,-1.496000e-14,-4.761943e-04
NOR2_X1,A_r_ZN_f,delay,2,1,8.000000e-11,4.000000e-15,PU0_m3s,6.998708e-11,6.982152e-11,-1.655600e-13,-2.365579e-03
NOR2_X1,A_r_ZN_f,trans,2,1,8.000000e-11,4.000000e-15,PU0_m3s,4.286432e-11,4.283979e-11,-2.453000e-14,-5.722708e-04
NOR2_X1,A_r_ZN_f,delay,2,2,8.000000e-11,1.200000e-14,PU0_m3s,9.923010e-11,9.910872e-11,-1.213800e-13,-1.223218e-03
NOR2_X1,A_r_ZN_f,trans,2,2,8.000000e-11,1.200000e-14,PU0_m3s,7.663387e-11,7.661179e-11,-2.208000e-14,-2.881233e-04
NOR2_X1,A_f_ZN_r,delay,0,0,1.000000e-11,1.000000e-15,PU0_m3s,3.803910e-11,4.089959e-11,2.860490e-12,7.519868e-02
NOR2_X1,A_f_ZN_r,trans,0,0,1.000000e-11,1.000000e-15,PU0_m3s,2.779281e-11,3.021480e-11,2.421990e-12,8.714448e-02
NOR2_X1,A_f_ZN_r,delay,0,1,1.000000e-11,4.000000e-15,PU0_m3s,5.301202e-11,5.716081e-11,4.148790e-12,7.826131e-02
NOR2_X1,A_f_ZN_r,trans,0,1,1.000000e-11,4.000000e-15,PU0_m3s,4.822424e-11,5.242656e-11,4.202320e-12,8.714124e-02
NOR2_X1,A_f_ZN_r,delay,0,2,1.000000e-11,1.200000e-14,PU0_m3s,9.254405e-11,1.000957e-10,7.551650e-12,8.160060e-02
NOR2_X1,A_f_ZN_r,trans,0,2,1.000000e-11,1.200000e-14,PU0_m3s,1.029966e-10,1.119641e-10,8.967500e-12,8.706598e-02
NOR2_X1,A_f_ZN_r,delay,1,0,3.000000e-11,1.000000e-15,PU0_m3s,4.639541e-11,4.929634e-11,2.900930e-12,6.252623e-02
NOR2_X1,A_f_ZN_r,trans,1,0,3.000000e-11,1.000000e-15,PU0_m3s,2.783626e-11,3.025175e-11,2.415490e-12,8.677495e-02
NOR2_X1,A_f_ZN_r,delay,1,1,3.000000e-11,4.000000e-15,PU0_m3s,6.139926e-11,6.559087e-11,4.191610e-12,6.826809e-02
NOR2_X1,A_f_ZN_r,trans,1,1,3.000000e-11,4.000000e-15,PU0_m3s,4.823356e-11,5.243440e-11,4.200840e-12,8.709372e-02
NOR2_X1,A_f_ZN_r,delay,1,2,3.000000e-11,1.200000e-14,PU0_m3s,1.010090e-10,1.086104e-10,7.601400e-12,7.525468e-02
NOR2_X1,A_f_ZN_r,trans,1,2,3.000000e-11,1.200000e-14,PU0_m3s,1.029969e-10,1.119643e-10,8.967400e-12,8.706476e-02
NOR2_X1,A_f_ZN_r,delay,2,0,8.000000e-11,1.000000e-15,PU0_m3s,6.408094e-11,6.758608e-11,3.505140e-12,5.469864e-02
NOR2_X1,A_f_ZN_r,trans,2,0,8.000000e-11,1.000000e-15,PU0_m3s,3.074638e-11,3.270687e-11,1.960490e-12,6.376328e-02
NOR2_X1,A_f_ZN_r,delay,2,1,8.000000e-11,4.000000e-15,PU0_m3s,7.960520e-11,8.415514e-11,4.549940e-12,5.715632e-02
NOR2_X1,A_f_ZN_r,trans,2,1,8.000000e-11,4.000000e-15,PU0_m3s,4.959544e-11,5.345666e-11,3.861220e-12,7.785433e-02
NOR2_X1,A_f_ZN_r,delay,2,2,8.000000e-11,1.200000e-14,PU0_m3s,1.192264e-10,1.271767e-10,7.950300e-12,6.668238e-02
NOR2_X1,A_f_ZN_r,trans,2,2,8.000000e-11,1.200000e-14,PU0_m3s,1.030514e-10,1.119948e-10,8.943400e-12,8.678582e-02
NOR2_X1,B_r_ZN_f,delay,0,0,1.000000e-11,1.000000e-15,PU0_m3s,2.136927e-11,2.142787e-11,5.860000e-14,2.742256e-03
NOR2_X1,B_r_ZN_f,trans,0,0,1.000000e-11,1.000000e-15,PU0_m3s,1.529535e-11,1.529519e-11,-1.600000e-16,-1.046070e-05
NOR2_X1,B_r_ZN_f,delay,0,1,1.000000e-11,4.000000e-15,PU0_m3s,3.241590e-11,3.244365e-11,2.775000e-14,8.560614e-04
NOR2_X1,B_r_ZN_f,trans,0,1,1.000000e-11,4.000000e-15,PU0_m3s,2.890006e-11,2.890003e-11,-3.000000e-17,-1.038060e-06
NOR2_X1,B_r_ZN_f,delay,0,2,1.000000e-11,1.200000e-14,PU0_m3s,6.061591e-11,6.061333e-11,-2.580000e-15,-4.256308e-05
NOR2_X1,B_r_ZN_f,trans,0,2,1.000000e-11,1.200000e-14,PU0_m3s,6.517973e-11,6.517973e-11,0.000000e+00,0.000000e+00
NOR2_X1,B_r_ZN_f,delay,1,0,3.000000e-11,1.000000e-15,PU0_m3s,2.849951e-11,2.859400e-11,9.449000e-14,3.315496e-03
NOR2_X1,B_r_ZN_f,trans,1,0,3.000000e-11,1.000000e-15,PU0_m3s,1.602223e-11,1.598956e-11,-3.267000e-14,-2.039042e-03
NOR2_X1,B_r_ZN_f,delay,1,1,3.000000e-11,4.000000e-15,PU0_m3s,3.969212e-11,3.978010e-11,8.798000e-14,2.216561e-03
NOR2_X1,B_r_ZN_f,trans,1,1,3.000000e-11,4.000000e-15,PU0_m3s,2.889999e-11,2.890003e-11,4.000000e-17,1.384084e-06
NOR2_X1,B_r_ZN_f,delay,1,2,3.000000e-11,1.200000e-14,PU0_m3s,6.828945e-11,6.833957e-11,5.012000e-14,7.339347e-04
NOR2_X1,B_r_ZN_f,trans,1,2,3.000000e-11,1.200000e-14,PU0_m3s,6.517974e-11,6.517979e-11,5.000000e-17,7.671095e-07
NOR2_X1,B_r_ZN_f,delay,2,0,8.000000e-11,1.000000e-15,PU0_m3s,4.340365e-11,4.350279e-11,9.914000e-14,2.284140e-03
NOR2_X1,B_r_ZN_f,trans,2,0,8.000000e-11,1.000000e-15,PU0_m3s,2.594694e-11,2.586520e-11,-8.174000e-14,-3.150275e-03
NOR2_X1,B_r_ZN_f,delay,2,1,8.000000e-11,4.000000e-15,PU0_m3s,5.819326e-11,5.830305e-11,1.097900e-13,1.886645e-03
NOR2_X1,B_r_ZN_f,trans,2,1,8.000000e-11,4.000000e-15,PU0_m3s,3.582915e-11,3.574851e-11,-8.064000e-14,-2.250681e-03
NOR2_X1,B_r_ZN_f,delay,2,2,8.000000e-11,1.200000e-14,PU0_m3s,8.748795e-11,8.758757e-11,9.962000e-14,1.138671e-03
NOR2_X1,B_r_ZN_f,trans,2,2,8.000000e-11,1.200000e-14,PU0_m3s,6.636774e-11,6.634406e-11,-2.368000e-14,-3.567999e-04
NOR2_X1,B_f_ZN_r,delay,0,0,1.000000e-11,1.000000e-15,PU0_m3s,2.487202e-11,2.671733e-11,1.845310e-12,7.419220e-02
NOR2_X1,B_f_ZN_r,trans,0,0,1.000000e-11,1.000000e-15,PU0_m3s,2.720957e-11,2.960308e-11,2.393510e-12,8.796574e-02
NOR2_X1,B_f_ZN_r,delay,0,1,1.000000e-11,4.000000e-15,PU0_m3s,4.007126e-11,4.322912e-11,3.157860e-12,7.880611e-02
NOR2_X1,B_f_ZN_r,trans,0,1,1.000000e-11,4.000000e-15,PU0_m3s,4.808003e-11,5.227637e-11,4.196340e-12,8.727823e-02
NOR2_X1,B_f_ZN_r,delay,0,2,1.000000e-11,1.200000e-14,PU0_m3s,7.980863e-11,8.638823e-11,6.579600e-12,8.244221e-02
NOR2_X1,B_f_ZN_r,trans,0,2,1.000000e-11,1.200000e-14,PU0_m3s,1.029925e-10,1.119598e-10,8.967300e-12,8.706750e-02
NOR2_X1,B_f_ZN_r,delay,1,0,3.000000e-11,1.000000e-15,PU0_m3s,3.163206e-11,3.338461e-11,1.752550e-12,5.540423e-02
NOR2_X1,B_f_ZN_r,trans,1,0,3.000000e-11,1.000000e-15,PU0_m3s,2.773000e-11,2.981714e-11,2.087140e-12,7.526650e-02
NOR2_X1,B_f_ZN_r,delay,1,1,3.000000e-11,4.000000e-15,PU0_m3s,4.671105e-11,4.979511e-11,3.084060e-12,6.602421e-02
NOR2_X1,B_f_ZN_r,trans,1,1,3.000000e-11,4.000000e-15,PU0_m3s,4.786052e-11,5.208194e-11,4.221420e-12,8.820255e-02
NOR2_X1,B_f_ZN_r,delay,1,2,3.000000e-11,1.200000e-14,PU0_m3s,8.659275e-11,9.312200e-11,6.529250e-12,7.540181e-02
NOR2_X1,B_f_ZN_r,trans,1,2,3.000000e-11,1.200000e-14,PU0_m3s,1.029862e-10,1.119545e-10,8.968300e-12,8.708254e-02
NOR2_X1,B_f_ZN_r,delay,2,0,8.000000e-11,1.000000e-15,PU0_m3s,4.734315e-11,4.979112e-11,2.447970e-12,5.170695e-02
NOR2_X1,B_f_ZN_r,trans,2,0,8.000000e-11,1.000000e-15,PU0_m3s,3.903315e-11,4.053286e-11,1.499710e-12,3.842144e-02
NOR2_X1,B_f_ZN_r,delay,2,1,8.000000e-11,4.000000e-15,PU0_m3s,6.528495e-11,6.837451e-11,3.089560e-12,4.732423e-02
NOR2_X1,B_f_ZN_r,trans,2,1,8.000000e-11,4.000000e-15,PU0_m3s,5.406550e-11,5.741377e-11,3.348270e-12,6.192988e-02
NOR2_X1,B_f_ZN_r,delay,2,2,8.000000e-11,1.200000e-14,PU0_m3s,1.047114e-10,1.112067e-10,6.495300e-12,6.203050e-02
NOR2_X1,B_f_ZN_r,trans,2,2,8.000000e-11,1.200000e-14,PU0_m3s,1.032652e-10,1.119322e-10,8.667000e-12,8.392953e-02
