cell,arc,meas,slew_idx,load_idx,slew,load,v0,group,param,ntr,g1,h2,g1_direct,h2_direct
INV_X1,A_r_ZN_f,delay,0,0,1.000000e-11,1.000000e-15,1.470415e-11,N,u0,1,-3.858750e-12,,,
INV_X1,A_r_ZN_f,delay,0,0,1.000000e-11,1.000000e-15,1.470415e-11,N,vth,1,3.368100e-11,,,
INV_X1,A_r_ZN_f,delay,0,0,1.000000e-11,1.000000e-15,1.470415e-11,P,u0,1,3.822500e-13,,,
INV_X1,A_r_ZN_f,delay,0,0,1.000000e-11,1.000000e-15,1.470415e-11,P,vth,1,-6.120001e-13,,,
INV_X1,A_r_ZN_f,trans,0,0,1.000000e-11,1.000000e-15,1.029284e-11,N,u0,1,-3.683250e-12,,,
INV_X1,A_r_ZN_f,trans,0,0,1.000000e-11,1.000000e-15,1.029284e-11,N,vth,1,2.392600e-11,,,
INV_X1,A_r_ZN_f,trans,0,0,1.000000e-11,1.000000e-15,1.029284e-11,P,u0,1,1.250000e-15,,,
INV_X1,A_r_ZN_f,trans,0,0,1.000000e-11,1.000000e-15,1.029284e-11,P,vth,1,-2.500000e-15,,,
INV_X1,A_r_ZN_f,delay,0,1,1.000000e-11,4.000000e-15,2.540853e-11,N,u0,1,-7.402500e-12,,,
INV_X1,A_r_ZN_f,delay,0,1,1.000000e-11,4.000000e-15,2.540853e-11,N,vth,1,6.013001e-11,,,
INV_X1,A_r_ZN_f,delay,0,1,1.000000e-11,4.000000e-15,2.540853e-11,P,u0,1,2.282500e-13,,,
INV_X1,A_r_ZN_f,delay,0,1,1.000000e-11,4.000000e-15,2.540853e-11,P,vth,1,-4.600000e-13,,,
INV_X1,A_r_ZN_f,trans,0,1,1.000000e-11,4.000000e-15,2.389741e-11,N,u0,1,-8.535249e-12,,,
INV_X1,A_r_ZN_f,trans,0,1,1.000000e-11,4.000000e-15,2.389741e-11,N,vth,1,5.556249e-11,,,
INV_X1,A_r_ZN_f,trans,0,1,1.000000e-11,4.000000e-15,2.389741e-11,P,u0,1,0.000000e+00,,,
INV_X1,A_r_ZN_f,trans,0,1,1.000000e-11,4.000000e-15,2.389741e-11,P,vth,1,-9.999998e-16,,,
INV_X1,A_r_ZN_f,delay,0,2,1.000000e-11,1.200000e-14,5.328358e-11,N,u0,1,-1.658700e-11,,,
INV_X1,A_r_ZN_f,delay,0,2,1.000000e-11,1.200000e-14,5.328358e-11,N,vth,1,1.282520e-10,,,
INV_X1,A_r_ZN_f,delay,0,2,1.000000e-11,1.200000e-14,5.328358e-11,P,u0,1,1.027500e-13,,,
INV_X1,A_r_ZN_f,delay,0,2,1.000000e-11,1.200000e-14,5.328358e-11,P,vth,1,-1.281000e-12,,,
INV_X1,A_r_ZN_f,trans,0,2,1.000000e-11,1.200000e-14,6.017713e-11,N,u0,1,-2.149575e-11,,,
INV_X1,A_r_ZN_f,trans,0,2,1.000000e-11,1.200000e-14,6.017713e-11,N,vth,1,1.399925e-10,,,
INV_X1,A_r_ZN_f,trans,0,2,1.000000e-11,1.200000e-14,6.017713e-11,P,u0,1,0.000000e+00,,,
INV_X1,A_r_ZN_f,trans,0,2,1.000000e-11,1.200000e-14,6.017713e-11,P,vth,1,-3.000000e-15,,,
INV_X1,A_r_ZN_f,delay,1,0,3.000000e-11,1.000000e-15,2.202089e-11,N,u0,1,-5.170999e-12,,,
INV_X1,A_r_ZN_f,delay,1,0,3.000000e-11,1.000000e-15,2.202089e-11,N,vth,1,5.675548e-11,,,
INV_X1,A_r_ZN_f,delay,1,0,3.000000e-11,1.000000e-15,2.202089e-11,P,u0,1,4.974999e-13,,,
INV_X1,A_r_ZN_f,delay,1,0,3.000000e-11,1.000000e-15,2.202089e-11,P,vth,1,-1.040500e-12,,,
INV_X1,A_r_ZN_f,trans,1,0,3.000000e-11,1.000000e-15,1.285186e-11,N,u0,1,-2.055750e-12,,,
INV_X1,A_r_ZN_f,trans,1,0,3.000000e-11,1.000000e-15,1.285186e-11,N,vth,1,3.553000e-12,,,
INV_X1,A_r_ZN_f,trans,1,0,3.000000e-11,1.000000e-15,1.285186e-11,P,u0,1,3.594999e-13,,,
INV_X1,A_r_ZN_f,trans,1,0,3.000000e-11,1.000000e-15,1.285186e-11,P,vth,1,-7.599998e-13,,,
INV_X1,A_r_ZN_f,delay,1,1,3.000000e-11,4.000000e-15,3.306038e-11,N,u0,1,-7.992998e-12,,,
INV_X1,A_r_ZN_f,delay,1,1,3.000000e-11,4.000000e-15,3.306038e-11,N,vth,1,7.536049e-11,,,
INV_X1,A_r_ZN_f,delay,1,1,3.000000e-11,4.000000e-15,3.306038e-11,P,u0,1,4.034999e-13,,,
INV_X1,A_r_ZN_f,delay,1,1,3.000000e-11,4.000000e-15,3.306038e-11,P,vth,1,-5.779999e-13,,,
INV_X1,A_r_ZN_f,trans,1,1,3.000000e-11,4.000000e-15,2.431095e-11,N,u0,1,-7.638002e-12,,,
INV_X1,A_r_ZN_f,trans,1,1,3.000000e-11,4.000000e-15,2.431095e-11,N,vth,1,4.551751e-11,,,
INV_X1,A_r_ZN_f,trans,1,1,3.000000e-11,4.000000e-15,2.431095e-11,P,u0,1,9.600002e-14,,,
INV_X1,A_r_ZN_f,trans,1,1,3.000000e-11,4.000000e-15,2.431095e-11,P,vth,1,-1.375000e-13,,,
INV_X1,A_r_ZN_f,delay,1,2,3.000000e-11,1.200000e-14,6.106910e-11,N,u0,1,-1.726525e-11,,,
INV_X1,A_r_ZN_f,delay,1,2,3.000000e-11,1.200000e-14,6.106910e-11,N,vth,1,1.444260e-10,,,
INV_X1,A_r_ZN_f,delay,1,2,3.000000e-11,1.200000e-14,6.106910e-11,P,u0,1,2.435000e-13,,,
INV_X1,A_r_ZN_f,delay,1,2,3.000000e-11,1.200000e-14,6.106910e-11,P,vth,1,-4.660000e-13,,,
INV_X1,A_r_ZN_f,trans,1,2,3.000000e-11,1.200000e-14,6.017707e-11,N,u0,1,-2.149500e-11,,,
INV_X1,A_r_ZN_f,trans,1,2,3.000000e-11,1.200000e-14,6.017707e-11,N,vth,1,1.399920e-10,,,
INV_X1,A_r_ZN_f,trans,1,2,3.000000e-11,1.200000e-14,6.017707e-11,P,u0,1,4.999999e-16,,,
INV_X1,A_r_ZN_f,trans,1,2,3.000000e-11,1.200000e-14,6.017707e-11,P,vth,1,-3.000000e-15,,,
INV_X1,A_r_ZN_f,delay,2,0,8.000000e-11,1.000000e-15,3.355257e-11,N,u0,1,-1.021325e-11,,,
INV_X1,A_r_ZN_f,delay,2,0,8.000000e-11,1.000000e-15,3.355257e-11,N,vth,1,1.407660e-10,,,
INV_X1,A_r_ZN_f,delay,2,0,8.000000e-11,1.000000e-15,3.355257e-11,P,u0,1,1.987501e-13,,,
INV_X1,A_r_ZN_f,delay,2,0,8.000000e-11,1.000000e-15,3.355257e-11,P,vth,1,-4.351501e-12,,,
INV_X1,A_r_ZN_f,trans,2,0,8.000000e-11,1.000000e-15,2.282545e-11,N,u0,1,-3.065500e-12,,,
INV_X1,A_r_ZN_f,trans,2,0,8.000000e-11,1.000000e-15,2.282545e-11,N,vth,1,6.228499e-12,,,
INV_X1,A_r_ZN_f,trans,2,0,8.000000e-11,1.000000e-15,2.282545e-11,P,u0,1,2.392500e-13,,,
INV_X1,A_r_ZN_f,trans,2,0,8.000000e-11,1.000000e-15,2.282545e-11,P,vth,1,-2.849500e-12,,,
INV_X1,A_r_ZN_f,delay,2,1,8.000000e-11,4.000000e-15,5.076944e-11,N,u0,1,-1.251900e-11,,,
INV_X1,A_r_ZN_f,delay,2,1,8.000000e-11,4.000000e-15,5.076944e-11,N,vth,1,1.475705e-10,,,
INV_X1,A_r_ZN_f,delay,2,1,8.000000e-11,4.000000e-15,5.076944e-11,P,u0,1,4.220001e-13,,,
INV_X1,A_r_ZN_f,delay,2,1,8.000000e-11,4.000000e-15,5.076944e-11,P,vth,1,-7.665001e-13,,,
INV_X1,A_r_ZN_f,trans,2,1,8.000000e-11,4.000000e-15,3.375328e-11,N,u0,1,-4.902250e-12,,,
INV_X1,A_r_ZN_f,trans,2,1,8.000000e-11,4.000000e-15,3.375328e-11,N,vth,1,5.969500e-12,,,
INV_X1,A_r_ZN_f,trans,2,1,8.000000e-11,4.000000e-15,3.375328e-11,P,u0,1,3.727500e-13,,,
INV_X1,A_r_ZN_f,trans,2,1,8.000000e-11,4.000000e-15,3.375328e-11,P,vth,1,-5.440000e-13,,,
INV_X1,A_r_ZN_f,delay,2,2,8.000000e-11,1.200000e-14,8.083652e-11,N,u0,1,-1.894325e-11,,,
INV_X1,A_r_ZN_f,delay,2,2,8.000000e-11,1.200000e-14,8.083652e-11,N,vth,1,1.842805e-10,,,
INV_X1,A_r_ZN_f,delay,2,2,8.000000e-11,1.200000e-14,8.083652e-11,P,u0,1,3.557499e-13,,,
INV_X1,A_r_ZN_f,delay,2,2,8.000000e-11,1.200000e-14,8.083652e-11,P,vth,1,-1.885000e-13,,,
INV_X1,A_r_ZN_f,trans,2,2,8.000000e-11,1.200000e-14,6.245970e-11,N,u0,1,-1.849700e-11,,,
INV_X1,A_r_ZN_f,trans,2,2,8.000000e-11,1.200000e-14,6.245970e-11,N,vth,1,1.053815e-10,,,
INV_X1,A_r_ZN_f,trans,2,2,8.000000e-11,1.200000e-14,6.245970e-11,P,u0,1,1.297500e-13,,,
INV_X1,A_r_ZN_f,trans,2,2,8.000000e-11,1.200000e-14,6.245970e-11,P,vth,1,-6.449999e-14,,,
INV_X1,A_f_ZN_r,delay,0,0,1.000000e-11,1.000000e-15,1.806795e-11,N,u0,1,2.687500e-13,,,
INV_X1,A_f_ZN_r,delay,0,0,1.000000e-11,1.000000e-15,1.806795e-11,N,vth,1,-1.856500e-12,,,
INV_X1,A_f_ZN_r,delay,0,0,1.000000e-11,1.000000e-15,1.806795e-11,P,u0,1,-1.133775e-11,,,
INV_X1,A_f_ZN_r,delay,0,0,1.000000e-11,1.000000e-15,1.806795e-11,P,vth,1,5.023050e-11,,,
INV_X1,A_f_ZN_r,trans,0,0,1.000000e-11,1.000000e-15,1.611505e-11,N,u0,1,9.999998e-16,,,
INV_X1,A_f_ZN_r,trans,0,0,1.000000e-11,1.000000e-15,1.611505e-11,N,vth,1,-5.499999e-15,,,
INV_X1,A_f_ZN_r,trans,0,0,1.000000e-11,1.000000e-15,1.611505e-11,P,u0,1,-1.347400e-11,,,
INV_X1,A_f_ZN_r,trans,0,0,1.000000e-11,1.000000e-15,1.611505e-11,P,vth,1,4.736148e-11,,,
INV_X1,A_f_ZN_r,delay,0,1,1.000000e-11,4.000000e-15,3.279435e-11,N,u0,1,2.065000e-13,,,
INV_X1,A_f_ZN_r,delay,0,1,1.000000e-11,4.000000e-15,3.279435e-11,N,vth,1,-1.033500e-12,,,
INV_X1,A_f_ZN_r,delay,0,1,1.000000e-11,4.000000e-15,3.279435e-11,P,u0,1,-2.336450e-11,,,
INV_X1,A_f_ZN_r,delay,0,1,1.000000e-11,4.000000e-15,3.279435e-11,P,vth,1,9.810951e-11,,,
INV_X1,A_f_ZN_r,trans,0,1,1.000000e-11,4.000000e-15,3.661626e-11,N,u0,1,2.500001e-16,,,
INV_X1,A_f_ZN_r,trans,0,1,1.000000e-11,4.000000e-15,3.661626e-11,N,vth,1,-5.000001e-16,,,
INV_X1,A_f_ZN_r,trans,0,1,1.000000e-11,4.000000e-15,3.661626e-11,P,u0,1,-3.059826e-11,,,
INV_X1,A_f_ZN_r,trans,0,1,1.000000e-11,4.000000e-15,3.661626e-11,P,vth,1,1.082630e-10,,,
INV_X1,A_f_ZN_r,delay,0,2,1.000000e-11,1.200000e-14,7.137842e-11,N,u0,1,1.085000e-13,,,
INV_X1,A_f_ZN_r,delay,0,2,1.000000e-11,1.200000e-14,7.137842e-11,N,vth,1,-1.210000e-13,,,
INV_X1,A_f_ZN_r,delay,0,2,1.000000e-11,1.200000e-14,7.137842e-11,P,u0,1,-5.478576e-11,,,
INV_X1,A_f_ZN_r,delay,0,2,1.000000e-11,1.200000e-14,7.137842e-11,P,vth,1,2.229600e-10,,,
INV_X1,A_f_ZN_r,trans,0,2,1.000000e-11,1.200000e-14,9.128664e-11,N,u0,1,2.500000e-16,,,
INV_X1,A_f_ZN_r,trans,0,2,1.000000e-11,1.200000e-14,9.128664e-11,N,vth,1,-6.500000e-15,,,
INV_X1,A_f_ZN_r,trans,0,2,1.000000e-11,1.200000e-14,9.128664e-11,P,u0,1,-7.627900e-11,,,
INV_X1,A_f_ZN_r,trans,0,2,1.000000e-11,1.200000e-14,9.128664e-11,P,vth,1,2.706450e-10,,,
INV_X1,A_f_ZN_r,delay,1,0,3.000000e-11,1.000000e-15,2.638431e-11,N,u0,1,1.525000e-13,,,
INV_X1,A_f_ZN_r,delay,1,0,3.000000e-11,1.000000e-15,2.638431e-11,N,vth,1,-7.075002e-13,,,
INV_X1,A_f_ZN_r,delay,1,0,3.000000e-11,1.000000e-15,2.638431e-11,P,u0,1,-1.123525e-11,,,
INV_X1,A_f_ZN_r,delay,1,0,3.000000e-11,1.000000e-15,2.638431e-11,P,vth,1,6.195701e-11,,,
INV_X1,A_f_ZN_r,trans,1,0,3.000000e-11,1.000000e-15,1.816676e-11,N,u0,1,1.197500e-13,,,
INV_X1,A_f_ZN_r,trans,1,0,3.000000e-11,1.000000e-15,1.816676e-11,N,vth,1,-5.620001e-13,,,
INV_X1,A_f_ZN_r,trans,1,0,3.000000e-11,1.000000e-15,1.816676e-11,P,u0,1,-1.015175e-11,,,
INV_X1,A_f_ZN_r,trans,1,0,3.000000e-11,1.000000e-15,1.816676e-11,P,vth,1,2.460450e-11,,,
INV_X1,A_f_ZN_r,delay,1,1,3.000000e-11,4.000000e-15,4.095798e-11,N,u0,1,2.462500e-13,,,
INV_X1,A_f_ZN_r,delay,1,1,3.000000e-11,4.000000e-15,4.095798e-11,N,vth,1,-1.307500e-12,,,
INV_X1,A_f_ZN_r,delay,1,1,3.000000e-11,4.000000e-15,4.095798e-11,P,u0,1,-2.328700e-11,,,
INV_X1,A_f_ZN_r,delay,1,1,3.000000e-11,4.000000e-15,4.095798e-11,P,vth,1,1.105160e-10,,,
INV_X1,A_f_ZN_r,trans,1,1,3.000000e-11,4.000000e-15,3.661625e-11,N,u0,1,2.500000e-16,,,
INV_X1,A_f_ZN_r,trans,1,1,3.000000e-11,4.000000e-15,3.661625e-11,N,vth,1,0.000000e+00,,,
INV_X1,A_f_ZN_r,trans,1,1,3.000000e-11,4.000000e-15,3.661625e-11,P,u0,1,-3.051075e-11,,,
INV_X1,A_f_ZN_r,trans,1,1,3.000000e-11,4.000000e-15,3.661625e-11,P,vth,1,1.059405e-10,,,
INV_X1,A_f_ZN_r,delay,1,2,3.000000e-11,1.200000e-14,7.961634e-11,N,u0,1,2.100000e-13,,,
INV_X1,A_f_ZN_r,delay,1,2,3.000000e-11,1.200000e-14,7.961634e-11,N,vth,1,-8.755001e-13,,,
INV_X1,A_f_ZN_r,delay,1,2,3.000000e-11,1.200000e-14,7.961634e-11,P,u0,1,-5.486101e-11,,,
INV_X1,A_f_ZN_r,delay,1,2,3.000000e-11,1.200000e-14,7.961634e-11,P,vth,1,2.364000e-10,,,
INV_X1,A_f_ZN_r,trans,1,2,3.000000e-11,1.200000e-14,9.128658e-11,N,u0,1,0.000000e+00,,,
INV_X1,A_f_ZN_r,trans,1,2,3.000000e-11,1.200000e-14,9.128658e-11,N,vth,1,-6.000000e-15,,,
INV_X1,A_f_ZN_r,trans,1,2,3.000000e-11,1.200000e-14,9.128658e-11,P,u0,1,-7.627750e-11,,,
INV_X1,A_f_ZN_r,trans,1,2,3.000000e-11,1.200000e-14,9.128658e-11,P,vth,1,2.706455e-10,,,
INV_X1,A_f_ZN_r,delay,2,0,8.000000e-11,1.000000e-15,4.194191e-11,N,u0,1,3.420001e-13,,,
INV_X1,A_f_ZN_r,delay,2,0,8.000000e-11,1.000000e-15,4.194191e-11,N,vth,1,-8.154001e-12,,,
INV_X1,A_f_ZN_r,delay,2,0,8.000000e-11,1.000000e-15,4.194191e-11,P,u0,1,-2.006975e-11,,,
INV_X1,A_f_ZN_r,delay,2,0,8.000000e-11,1.000000e-15,4.194191e-11,P,vth,1,1.505610e-10,,,
INV_X1,A_f_ZN_r,trans,2,0,8.000000e-11,1.000000e-15,3.004457e-11,N,u0,1,3.317500e-13,,,
INV_X1,A_f_ZN_r,trans,2,0,8.000000e-11,1.000000e-15,3.004457e-11,N,vth,1,-7.828499e-12,,,
INV_X1,A_f_ZN_r,trans,2,0,8.000000e-11,1.000000e-15,3.004457e-11,P,u0,1,-1.074050e-11,,,
INV_X1,A_f_ZN_r,trans,2,0,8.000000e-11,1.000000e-15,3.004457e-11,P,vth,1,1.836050e-11,,,
INV_X1,A_f_ZN_r,delay,2,1,8.000000e-11,4.000000e-15,6.199059e-11,N,u0,1,3.150001e-14,,,
INV_X1,A_f_ZN_r,delay,2,1,8.000000e-11,4.000000e-15,6.199059e-11,N,vth,1,-2.648001e-12,,,
INV_X1,A_f_ZN_r,delay,2,1,8.000000e-11,4.000000e-15,6.199059e-11,P,u0,1,-2.678475e-11,,,
INV_X1,A_f_ZN_r,delay,2,1,8.000000e-11,4.000000e-15,6.199059e-11,P,vth,1,1.618750e-10,,,
INV_X1,A_f_ZN_r,trans,2,1,8.000000e-11,4.000000e-15,4.426741e-11,N,u0,1,2.575000e-14,,,
INV_X1,A_f_ZN_r,trans,2,1,8.000000e-11,4.000000e-15,4.426741e-11,N,vth,1,-2.301001e-12,,,
INV_X1,A_f_ZN_r,trans,2,1,8.000000e-11,4.000000e-15,4.426741e-11,P,u0,1,-2.196175e-11,,,
INV_X1,A_f_ZN_r,trans,2,1,8.000000e-11,4.000000e-15,4.426741e-11,P,vth,1,4.810101e-11,,,
INV_X1,A_f_ZN_r,delay,2,2,8.000000e-11,1.200000e-14,1.006885e-10,N,u0,1,1.450000e-13,,,
INV_X1,A_f_ZN_r,delay,2,2,8.000000e-11,1.200000e-14,1.006885e-10,N,vth,1,-4.050000e-13,,,
INV_X1,A_f_ZN_r,delay,2,2,8.000000e-11,1.200000e-14,1.006885e-10,P,u0,1,-5.522899e-11,,,
INV_X1,A_f_ZN_r,delay,2,2,8.000000e-11,1.200000e-14,1.006885e-10,P,vth,1,2.696970e-10,,,
INV_X1,A_f_ZN_r,trans,2,2,8.000000e-11,1.200000e-14,9.181450e-11,N,u0,1,2.425000e-14,,,
INV_X1,A_f_ZN_r,trans,2,2,8.000000e-11,1.200000e-14,9.181450e-11,N,vth,1,-6.049999e-14,,,
INV_X1,A_f_ZN_r,trans,2,2,8.000000e-11,1.200000e-14,9.181450e-11,P,u0,1,-7.271650e-11,,,
INV_X1,A_f_ZN_r,trans,2,2,8.000000e-11,1.200000e-14,9.181450e-11,P,vth,1,2.488500e-10,,,
NAND2_X1,A_r_ZN_f,delay,0,0,1.000000e-11,1.000000e-15,1.674115e-11,N,u0,2,-5.867000e-12,,,
NAND2_X1,A_r_ZN_f,delay,0,0,1.000000e-11,1.000000e-15,1.674115e-11,N,vth,2,4.483050e-11,,,
NAND2_X1,A_r_ZN_f,delay,0,0,1.000000e-11,1.000000e-15,1.674115e-11,P,u0,2,2.827500e-13,,,
NAND2_X1,A_r_ZN_f,delay,0,0,1.000000e-11,1.000000e-15,1.674115e-11,P,vth,2,-1.220000e-13,,,
NAND2_X1,A_r_ZN_f,trans,0,0,1.000000e-11,1.000000e-15,1.379447e-11,N,u0,2,-6.241500e-12,,,
NAND2_X1,A_r_ZN_f,trans,0,0,1.000000e-11,1.000000e-15,1.379447e-11,N,vth,2,3.372350e-11,,,
NAND2_X1,A_r_ZN_f,trans,0,0,1.000000e-11,1.000000e-15,1.379447e-11,P,u0,2,3.000000e-15,,,
NAND2_X1,A_r_ZN_f,trans,0,0,1.000000e-11,1.000000e-15,1.379447e-11,P,vth,2,-2.000000e-15,,,
NAND2_X1,A_r_ZN_f,delay,0,1,1.000000e-11,4.000000e-15,2.582710e-11,N,u0,2,-9.808001e-12,,,
NAND2_X1,A_r_ZN_f,delay,0,1,1.000000e-11,4.000000e-15,2.582710e-11,N,vth,2,7.080850e-11,,,
NAND2_X1,A_r_ZN_f,delay,0,1,1.000000e-11,4.000000e-15,2.582710e-11,P,u0,2,1.797500e-13,,,
NAND2_X1,A_r_ZN_f,delay,0,1,1.000000e-11,4.000000e-15,2.582710e-11,P,vth,2,-5.430000e-13,,,
NAND2_X1,A_r_ZN_f,trans,0,1,1.000000e-11,4.000000e-15,2.556354e-11,N,u0,2,-1.151300e-11,,,
NAND2_X1,A_r_ZN_f,trans,0,1,1.000000e-11,4.000000e-15,2.556354e-11,N,vth,2,6.387550e-11,,,
NAND2_X1,A_r_ZN_f,trans,0,1,1.000000e-11,4.000000e-15,2.556354e-11,P,u0,2,7.500000e-16,,,
NAND2_X1,A_r_ZN_f,trans,0,1,1.000000e-11,4.000000e-15,2.556354e-11,P,vth,2,-1.500000e-15,,,
NAND2_X1,A_r_ZN_f,delay,0,2,1.000000e-11,1.200000e-14,4.971340e-11,N,u0,2,-2.014175e-11,,,
NAND2_X1,A_r_ZN_f,delay,0,2,1.000000e-11,1.200000e-14,4.971340e-11,N,vth,2,1.387195e-10,,,
NAND2_X1,A_r_ZN_f,delay,0,2,1.000000e-11,1.200000e-14,4.971340e-11,P,u0,2,8.849999e-14,,,
NAND2_X1,A_r_ZN_f,delay,0,2,1.000000e-11,1.200000e-14,4.971340e-11,P,vth,2,-1.125500e-12,,,
NAND2_X1,A_r_ZN_f,trans,0,2,1.000000e-11,1.200000e-14,5.688010e-11,N,u0,2,-2.555125e-11,,,
NAND2_X1,A_r_ZN_f,trans,0,2,1.000000e-11,1.200000e-14,5.688010e-11,N,vth,2,1.445065e-10,,,
NAND2_X1,A_r_ZN_f,trans,0,2,1.000000e-11,1.200000e-14,5.688010e-11,P,u0,2,2.500000e-16,,,
NAND2_X1,A_r_ZN_f,trans,0,2,1.000000e-11,1.200000e-14,5.688010e-11,P,vth,2,-1.500000e-15,,,
NAND2_X1,A_r_ZN_f,delay,1,0,3.000000e-11,1.000000e-15,2.374415e-11,N,u0,2,-6.679500e-12,,,
NAND2_X1,A_r_ZN_f,delay,1,0,3.000000e-11,1.000000e-15,2.374415e-11,N,vth,2,6.382650e-11,,,
NAND2_X1,A_r_ZN_f,delay,1,0,3.000000e-11,1.000000e-15,2.374415e-11,P,u0,2,4.187500e-13,,,
NAND2_X1,A_r_ZN_f,delay,1,0,3.000000e-11,1.000000e-15,2.374415e-11,P,vth,2,-6.845000e-13,,,
NAND2_X1,A_r_ZN_f,trans,1,0,3.000000e-11,1.000000e-15,1.577633e-11,N,u0,2,-4.412750e-12,,,
NAND2_X1,A_r_ZN_f,trans,1,0,3.000000e-11,1.000000e-15,1.577633e-11,N,vth,2,1.391350e-11,,,
NAND2_X1,A_r_ZN_f,trans,1,0,3.000000e-11,1.000000e-15,1.577633e-11,P,u0,2,2.550000e-13,,,
NAND2_X1,A_r_ZN_f,trans,1,0,3.000000e-11,1.000000e-15,1.577633e-11,P,vth,2,-4.220000e-13,,,
NAND2_X1,A_r_ZN_f,delay,1,1,3.000000e-11,4.000000e-15,3.291998e-11,N,u0,2,-1.016375e-11,,,
NAND2_X1,A_r_ZN_f,delay,1,1,3.000000e-11,4.000000e-15,3.291998e-11,N,vth,2,8.552801e-11,,,
NAND2_X1,A_r_ZN_f,delay,1,1,3.000000e-11,4.000000e-15,3.291998e-11,P,u0,2,3.342500e-13,,,
NAND2_X1,A_r_ZN_f,delay,1,1,3.000000e-11,4.000000e-15,3.291998e-11,P,vth,2,-2.720000e-13,,,
NAND2_X1,A_r_ZN_f,trans,1,1,3.000000e-11,4.000000e-15,2.601027e-11,N,u0,2,-1.039650e-11,,,
NAND2_X1,A_r_ZN_f,trans,1,1,3.000000e-11,4.000000e-15,2.601027e-11,N,vth,2,5.276500e-11,,,
NAND2_X1,A_r_ZN_f,trans,1,1,3.000000e-11,4.000000e-15,2.601027e-11,P,u0,2,7.850000e-14,,,
NAND2_X1,A_r_ZN_f,trans,1,1,3.000000e-11,4.000000e-15,2.601027e-11,P,vth,2,-6.550000e-14,,,
NAND2_X1,A_r_ZN_f,delay,1,2,3.000000e-11,1.200000e-14,5.689694e-11,N,u0,2,-2.058875e-11,,,
NAND2_X1,A_r_ZN_f,delay,1,2,3.000000e-11,1.200000e-14,5.689694e-11,N,vth,2,1.543200e-10,,,
NAND2_X1,A_r_ZN_f,delay,1,2,3.000000e-11,1.200000e-14,5.689694e-11,P,u0,2,2.065000e-13,,,
NAND2_X1,A_r_ZN_f,delay,1,2,3.000000e-11,1.200000e-14,5.689694e-11,P,vth,2,-4.875000e-13,,,
NAND2_X1,A_r_ZN_f,trans,1,2,3.000000e-11,1.200000e-14,5.687999e-11,N,u0,2,-2.555250e-11,,,
NAND2_X1,A_r_ZN_f,trans,1,2,3.000000e-11,1.200000e-14,5.687999e-11,N,vth,2,1.445090e-10,,,
NAND2_X1,A_r_ZN_f,trans,1,2,3.000000e-11,1.200000e-14,5.687999e-11,P,u0,2,4.999999e-16,,,
NAND2_X1,A_r_ZN_f,trans,1,2,3.000000e-11,1.200000e-14,5.687999e-11,P,vth,2,-2.000000e-15,,,
NAND2_X1,A_r_ZN_f,delay,2,0,8.000000e-11,1.000000e-15,3.500935e-11,N,u0,2,-1.210050e-11,,,
NAND2_X1,A_r_ZN_f,delay,2,0,8.000000e-11,1.000000e-15,3.500935e-11,N,vth,2,1.500090e-10,,,
NAND2_X1,A_r_ZN_f,delay,2,0,8.000000e-11,1.000000e-15,3.500935e-11,P,u0,2,2.375001e-13,,,
NAND2_X1,A_r_ZN_f,delay,2,0,8.000000e-11,1.000000e-15,3.500935e-11,P,vth,2,-3.695001e-12,,,
NAND2_X1,A_r_ZN_f,trans,2,0,8.000000e-11,1.000000e-15,2.581075e-11,N,u0,2,-4.890250e-12,,,
NAND2_X1,A_r_ZN_f,trans,2,0,8.000000e-11,1.000000e-15,2.581075e-11,N,vth,2,1.303850e-11,,,
NAND2_X1,A_r_ZN_f,trans,2,0,8.000000e-11,1.000000e-15,2.581075e-11,P,u0,2,2.495000e-13,,,
NAND2_X1,A_r_ZN_f,trans,2,0,8.000000e-11,1.000000e-15,2.581075e-11,P,vth,2,-2.292500e-12,,,
NAND2_X1,A_r_ZN_f,delay,2,1,8.000000e-11,4.000000e-15,4.898940e-11,N,u0,2,-1.475100e-11,,,
NAND2_X1,A_r_ZN_f,delay,2,1,8.000000e-11,4.000000e-15,4.898940e-11,N,vth,2,1.592005e-10,,,
NAND2_X1,A_r_ZN_f,delay,2,1,8.000000e-11,4.000000e-15,4.898940e-11,P,u0,2,3.567500e-13,,,
NAND2_X1,A_r_ZN_f,delay,2,1,8.000000e-11,4.000000e-15,4.898940e-11,P,vth,2,-1.291000e-12,,,
NAND2_X1,A_r_ZN_f,trans,2,1,8.000000e-11,4.000000e-15,3.549512e-11,N,u0,2,-7.851250e-12,,,
NAND2_X1,A_r_ZN_f,trans,2,1,8.000000e-11,4.000000e-15,3.549512e-11,N,vth,2,1.970200e-11,,,
NAND2_X1,A_r_ZN_f,trans,2,1,8.000000e-11,4.000000e-15,3.549512e-11,P,u0,2,2.957500e-13,,,
NAND2_X1,A_r_ZN_f,trans,2,1,8.000000e-11,4.000000e-15,3.549512e-11,P,vth,2,-8.925000e-13,,,
NAND2_X1,A_r_ZN_f,delay,2,2,8.000000e-11,1.200000e-14,7.518977e-11,N,u0,2,-2.168875e-11,,,
NAND2_X1,A_r_ZN_f,delay,2,2,8.000000e-11,1.200000e-14,7.518977e-11,N,vth,2,1.926160e-10,,,
NAND2_X1,A_r_ZN_f,delay,2,2,8.000000e-11,1.200000e-14,7.518977e-11,P,u0,2,2.852500e-13,,,
NAND2_X1,A_r_ZN_f,delay,2,2,8.000000e-11,1.200000e-14,7.518977e-11,P,vth,2,-5.700001e-13,,,
NAND2_X1,A_r_ZN_f,trans,2,2,8.000000e-11,1.200000e-14,6.013124e-11,N,u0,2,-2.152099e-11,,,
NAND2_X1,A_r_ZN_f,trans,2,2,8.000000e-11,1.200000e-14,6.013124e-11,N,vth,2,1.025275e-10,,,
NAND2_X1,A_r_ZN_f,trans,2,2,8.000000e-11,1.200000e-14,6.013124e-11,P,u0,2,1.250000e-13,,,
NAND2_X1,A_r_ZN_f,trans,2,2,8.000000e-11,1.200000e-14,6.013124e-11,P,vth,2,-2.444999e-13,,,
NAND2_X1,A_f_ZN_r,delay,0,0,1.000000e-11,1.000000e-15,2.434389e-11,N,u0,2,4.462501e-13,,,
NAND2_X1,A_f_ZN_r,delay,0,0,1.000000e-11,1.000000e-15,2.434389e-11,N,vth,2,-2.112500e-12,,,
NAND2_X1,A_f_ZN_r,delay,0,0,1.000000e-11,1.000000e-15,2.434389e-11,P,u0,2,-1.643200e-11,,,
NAND2_X1,A_f_ZN_r,delay,0,0,1.000000e-11,1.000000e-15,2.434389e-11,P,vth,2,7.040302e-11,,,
NAND2_X1,A_f_ZN_r,trans,0,0,1.000000e-11,1.000000e-15,2.369471e-11,N,u0,2,5.000002e-16,,,
NAND2_X1,A_f_ZN_r,trans,0,0,1.000000e-11,1.000000e-15,2.369471e-11,N,vth,2,-1.500000e-15,,,
NAND2_X1,A_f_ZN_r,trans,0,0,1.000000e-11,1.000000e-15,2.369471e-11,P,u0,2,-1.981001e-11,,,
NAND2_X1,A_f_ZN_r,trans,0,0,1.000000e-11,1.000000e-15,2.369471e-11,P,vth,2,6.983201e-11,,,
NAND2_X1,A_f_ZN_r,delay,0,1,1.000000e-11,4.000000e-15,3.927560e-11,N,u0,2,3.460000e-13,,,
NAND2_X1,A_f_ZN_r,delay,0,1,1.000000e-11,4.000000e-15,3.927560e-11,N,vth,2,-7.850001e-13,,,
NAND2_X1,A_f_ZN_r,delay,0,1,1.000000e-11,4.000000e-15,3.927560e-11,P,u0,2,-2.862425e-11,,,
NAND2_X1,A_f_ZN_r,delay,0,1,1.000000e-11,4.000000e-15,3.927560e-11,P,vth,2,1.189735e-10,,,
NAND2_X1,A_f_ZN_r,trans,0,1,1.000000e-11,4.000000e-15,4.419603e-11,N,u0,2,5.000000e-16,,,
NAND2_X1,A_f_ZN_r,trans,0,1,1.000000e-11,4.000000e-15,4.419603e-11,N,vth,2,-6.500000e-15,,,
NAND2_X1,A_f_ZN_r,trans,0,1,1.000000e-11,4.000000e-15,4.419603e-11,P,u0,2,-3.693625e-11,,,
NAND2_X1,A_f_ZN_r,trans,0,1,1.000000e-11,4.000000e-15,4.419603e-11,P,vth,2,1.307210e-10,,,
NAND2_X1,A_f_ZN_r,delay,0,2,1.000000e-11,1.200000e-14,7.810387e-11,N,u0,2,1.890000e-13,,,
NAND2_X1,A_f_ZN_r,delay,0,2,1.000000e-11,1.200000e-14,7.810387e-11,N,vth,2,-1.914000e-12,,,
NAND2_X1,A_f_ZN_r,delay,0,2,1.000000e-11,1.200000e-14,7.810387e-11,P,u0,2,-6.024725e-11,,,
NAND2_X1,A_f_ZN_r,delay,0,2,1.000000e-11,1.200000e-14,7.810387e-11,P,vth,2,2.446605e-10,,,
NAND2_X1,A_f_ZN_r,trans,0,2,1.000000e-11,1.200000e-14,9.886646e-11,N,u0,2,7.499999e-16,,,
NAND2_X1,A_f_ZN_r,trans,0,2,1.000000e-11,1.200000e-14,9.886646e-11,N,vth,2,-1.550000e-14,,,
NAND2_X1,A_f_ZN_r,trans,0,2,1.000000e-11,1.200000e-14,9.886646e-11,P,u0,2,-8.261575e-11,,,
NAND2_X1,A_f_ZN_r,trans,0,2,1.000000e-11,1.200000e-14,9.886646e-11,P,vth,2,2.931100e-10,,,
NAND2_X1,A_f_ZN_r,delay,1,0,3.000000e-11,1.000000e-15,3.224924e-11,N,u0,2,3.332501e-13,,,
NAND2_X1,A_f_ZN_r,delay,1,0,3.000000e-11,1.000000e-15,3.224924e-11,N,vth,2,-1.220000e-12,,,
NAND2_X1,A_f_ZN_r,delay,1,0,3.000000e-11,1.000000e-15,3.224924e-11,P,u0,2,-1.600200e-11,,,
NAND2_X1,A_f_ZN_r,delay,1,0,3.000000e-11,1.000000e-15,3.224924e-11,P,vth,2,8.044152e-11,,,
NAND2_X1,A_f_ZN_r,trans,1,0,3.000000e-11,1.000000e-15,2.436131e-11,N,u0,2,1.255000e-13,,,
NAND2_X1,A_f_ZN_r,trans,1,0,3.000000e-11,1.000000e-15,2.436131e-11,N,vth,2,-4.640001e-13,,,
NAND2_X1,A_f_ZN_r,trans,1,0,3.000000e-11,1.000000e-15,2.436131e-11,P,u0,2,-1.733200e-11,,,
NAND2_X1,A_f_ZN_r,trans,1,0,3.000000e-11,1.000000e-15,2.436131e-11,P,vth,2,5.438501e-11,,,
NAND2_X1,A_f_ZN_r,delay,1,1,3.000000e-11,4.000000e-15,4.704226e-11,N,u0,2,4.582500e-13,,,
NAND2_X1,A_f_ZN_r,delay,1,1,3.000000e-11,4.000000e-15,4.704226e-11,N,vth,2,-1.772000e-12,,,
NAND2_X1,A_f_ZN_r,delay,1,1,3.000000e-11,4.000000e-15,4.704226e-11,P,u0,2,-2.819850e-11,,,
NAND2_X1,A_f_ZN_r,delay,1,1,3.000000e-11,4.000000e-15,4.704226e-11,P,vth,2,1.296370e-10,,,
NAND2_X1,A_f_ZN_r,trans,1,1,3.000000e-11,4.000000e-15,4.419594e-11,N,u0,2,1.250000e-15,,,
NAND2_X1,A_f_ZN_r,trans,1,1,3.000000e-11,4.000000e-15,4.419594e-11,N,vth,2,-7.999999e-15,,,
NAND2_X1,A_f_ZN_r,trans,1,1,3.000000e-11,4.000000e-15,4.419594e-11,P,u0,2,-3.693499e-11,,,
NAND2_X1,A_f_ZN_r,trans,1,1,3.000000e-11,4.000000e-15,4.419594e-11,P,vth,2,1.307235e-10,,,
NAND2_X1,A_f_ZN_r,delay,1,2,3.000000e-11,1.200000e-14,8.603645e-11,N,u0,2,4.065000e-13,,,
NAND2_X1,A_f_ZN_r,delay,1,2,3.000000e-11,1.200000e-14,8.603645e-11,N,vth,2,-8.980000e-13,,,
NAND2_X1,A_f_ZN_r,delay,1,2,3.000000e-11,1.200000e-14,8.603645e-11,P,u0,2,-6.005550e-11,,,
NAND2_X1,A_f_ZN_r,delay,1,2,3.000000e-11,1.200000e-14,8.603645e-11,P,vth,2,2.568285e-10,,,
NAND2_X1,A_f_ZN_r,trans,1,2,3.000000e-11,1.200000e-14,9.886646e-11,N,u0,2,7.499999e-16,,,
NAND2_X1,A_f_ZN_r,trans,1,2,3.000000e-11,1.200000e-14,9.886646e-11,N,vth,2,-1.450000e-14,,,
NAND2_X1,A_f_ZN_r,trans,1,2,3.000000e-11,1.200000e-14,9.886646e-11,P,u0,2,-8.261374e-11,,,
NAND2_X1,A_f_ZN_r,trans,1,2,3.000000e-11,1.200000e-14,9.886646e-11,P,vth,2,2.931090e-10,,,
NAND2_X1,A_f_ZN_r,delay,2,0,8.000000e-11,1.000000e-15,5.118165e-11,N,u0,2,3.400000e-13,,,
NAND2_X1,A_f_ZN_r,delay,2,0,8.000000e-11,1.000000e-15,5.118165e-11,N,vth,2,-8.223000e-12,,,
NAND2_X1,A_f_ZN_r,delay,2,0,8.000000e-11,1.000000e-15,5.118165e-11,P,u0,2,-2.294150e-11,,,
NAND2_X1,A_f_ZN_r,delay,2,0,8.000000e-11,1.000000e-15,5.118165e-11,P,vth,2,1.525720e-10,,,
NAND2_X1,A_f_ZN_r,trans,2,0,8.000000e-11,1.000000e-15,3.515976e-11,N,u0,2,3.445000e-13,,,
NAND2_X1,A_f_ZN_r,trans,2,0,8.000000e-11,1.000000e-15,3.515976e-11,N,vth,2,-8.296500e-12,,,
NAND2_X1,A_f_ZN_r,trans,2,0,8.000000e-11,1.000000e-15,3.515976e-11,P,u0,2,-1.136925e-11,,,
NAND2_X1,A_f_ZN_r,trans,2,0,8.000000e-11,1.000000e-15,3.515976e-11,P,vth,2,1.300850e-11,,,
NAND2_X1,A_f_ZN_r,delay,2,1,8.000000e-11,4.000000e-15,6.823589e-11,N,u0,2,1.312500e-13,,,
NAND2_X1,A_f_ZN_r,delay,2,1,8.000000e-11,4.000000e-15,6.823589e-11,N,vth,2,-3.723001e-12,,,
NAND2_X1,A_f_ZN_r,delay,2,1,8.000000e-11,4.000000e-15,6.823589e-11,P,u0,2,-2.832075e-11,,,
NAND2_X1,A_f_ZN_r,delay,2,1,8.000000e-11,4.000000e-15,6.823589e-11,P,vth,2,1.598170e-10,,,
NAND2_X1,A_f_ZN_r,trans,2,1,8.000000e-11,4.000000e-15,4.973381e-11,N,u0,2,9.924999e-14,,,
NAND2_X1,A_f_ZN_r,trans,2,1,8.000000e-11,4.000000e-15,4.973381e-11,N,vth,2,-2.810500e-12,,,
NAND2_X1,A_f_ZN_r,trans,2,1,8.000000e-11,4.000000e-15,4.973381e-11,P,u0,2,-2.883475e-11,,,
NAND2_X1,A_f_ZN_r,trans,2,1,8.000000e-11,4.000000e-15,4.973381e-11,P,vth,2,7.664749e-11,,,
NAND2_X1,A_f_ZN_r,delay,2,2,8.000000e-11,1.200000e-14,1.067708e-10,N,u0,2,3.075000e-13,,,
NAND2_X1,A_f_ZN_r,delay,2,2,8.000000e-11,1.200000e-14,1.067708e-10,N,vth,2,-1.730000e-12,,,
NAND2_X1,A_f_ZN_r,delay,2,2,8.000000e-11,1.200000e-14,1.067708e-10,P,u0,2,-6.006750e-11,,,
NAND2_X1,A_f_ZN_r,delay,2,2,8.000000e-11,1.200000e-14,1.067708e-10,P,vth,2,2.877500e-10,,,
NAND2_X1,A_f_ZN_r,trans,2,2,8.000000e-11,1.200000e-14,9.904296e-11,N,u0,2,3.100000e-14,,,
NAND2_X1,A_f_ZN_r,trans,2,2,8.000000e-11,1.200000e-14,9.904296e-11,N,vth,2,-1.540000e-13,,,
NAND2_X1,A_f_ZN_r,trans,2,2,8.000000e-11,1.200000e-14,9.904296e-11,P,u0,2,-8.026650e-11,,,
NAND2_X1,A_f_ZN_r,trans,2,2,8.000000e-11,1.200000e-14,9.904296e-11,P,vth,2,2.791170e-10,,,
NAND2_X1,B_r_ZN_f,delay,0,0,1.000000e-11,1.000000e-15,2.024899e-11,N,u0,2,-7.270500e-12,,,
NAND2_X1,B_r_ZN_f,delay,0,0,1.000000e-11,1.000000e-15,2.024899e-11,N,vth,2,5.594150e-11,,,
NAND2_X1,B_r_ZN_f,delay,0,0,1.000000e-11,1.000000e-15,2.024899e-11,P,u0,2,2.520000e-13,,,
NAND2_X1,B_r_ZN_f,delay,0,0,1.000000e-11,1.000000e-15,2.024899e-11,P,vth,2,-5.799999e-14,,,
NAND2_X1,B_r_ZN_f,trans,0,0,1.000000e-11,1.000000e-15,1.380378e-11,N,u0,2,-6.224001e-12,,,
NAND2_X1,B_r_ZN_f,trans,0,0,1.000000e-11,1.000000e-15,1.380378e-11,N,vth,2,3.358850e-11,,,
NAND2_X1,B_r_ZN_f,trans,0,0,1.000000e-11,1.000000e-15,1.380378e-11,P,u0,2,1.000000e-15,,,
NAND2_X1,B_r_ZN_f,trans,0,0,1.000000e-11,1.000000e-15,1.380378e-11,P,vth,2,-1.500000e-15,,,
NAND2_X1,B_r_ZN_f,delay,0,1,1.000000e-11,4.000000e-15,2.931109e-11,N,u0,2,-1.119050e-11,,,
NAND2_X1,B_r_ZN_f,delay,0,1,1.000000e-11,4.000000e-15,2.931109e-11,N,vth,2,8.167252e-11,,,
NAND2_X1,B_r_ZN_f,delay,0,1,1.000000e-11,4.000000e-15,2.931109e-11,P,u0,2,1.575000e-13,,,
NAND2_X1,B_r_ZN_f,delay,0,1,1.000000e-11,4.000000e-15,2.931109e-11,P,vth,2,-6.305002e-13,,,
NAND2_X1,B_r_ZN_f,trans,0,1,1.000000e-11,4.000000e-15,2.556396e-11,N,u0,2,-1.151200e-11,,,
NAND2_X1,B_r_ZN_f,trans,0,1,1.000000e-11,4.000000e-15,2.556396e-11,N,vth,2,6.386450e-11,,,
NAND2_X1,B_r_ZN_f,trans,0,1,1.000000e-11,4.000000e-15,2.556396e-11,P,u0,2,2.500000e-16,,,
NAND2_X1,B_r_ZN_f,trans,0,1,1.000000e-11,4.000000e-15,2.556396e-11,P,vth,2,-3.000000e-15,,,
NAND2_X1,B_r_ZN_f,delay,0,2,1.000000e-11,1.200000e-14,5.317776e-11,N,u0,2,-2.151150e-11,,,
NAND2_X1,B_r_ZN_f,delay,0,2,1.000000e-11,1.200000e-14,5.317776e-11,N,vth,2,1.494315e-10,,,
NAND2_X1,B_r_ZN_f,delay,0,2,1.000000e-11,1.200000e-14,5.317776e-11,P,u0,2,7.675001e-14,,,
NAND2_X1,B_r_ZN_f,delay,0,2,1.000000e-11,1.200000e-14,5.317776e-11,P,vth,2,-1.180500e-12,,,
NAND2_X1,B_r_ZN_f,trans,0,2,1.000000e-11,1.200000e-14,5.688009e-11,N,u0,2,-2.555026e-11,,,
NAND2_X1,B_r_ZN_f,trans,0,2,1.000000e-11,1.200000e-14,5.688009e-11,N,vth,2,1.445050e-10,,,
NAND2_X1,B_r_ZN_f,trans,0,2,1.000000e-11,1.200000e-14,5.688009e-11,P,u0,2,2.500000e-16,,,
NAND2_X1,B_r_ZN_f,trans,0,2,1.000000e-11,1.200000e-14,5.688009e-11,P,vth,2,-1.500000e-15,,,
NAND2_X1,B_r_ZN_f,delay,1,0,3.000000e-11,1.000000e-15,2.633793e-11,N,u0,2,-8.304253e-12,,,
NAND2_X1,B_r_ZN_f,delay,1,0,3.000000e-11,1.000000e-15,2.633793e-11,N,vth,2,8.116903e-11,,,
NAND2_X1,B_r_ZN_f,delay,1,0,3.000000e-11,1.000000e-15,2.633793e-11,P,u0,2,4.180002e-13,,,
NAND2_X1,B_r_ZN_f,delay,1,0,3.000000e-11,1.000000e-15,2.633793e-11,P,vth,2,-1.412001e-12,,,
NAND2_X1,B_r_ZN_f,trans,1,0,3.000000e-11,1.000000e-15,1.442010e-11,N,u0,2,-5.480251e-12,,,
NAND2_X1,B_r_ZN_f,trans,1,0,3.000000e-11,1.000000e-15,1.442010e-11,N,vth,2,2.421800e-11,,,
NAND2_X1,B_r_ZN_f,trans,1,0,3.000000e-11,1.000000e-15,1.442010e-11,P,u0,2,8.124999e-14,,,
NAND2_X1,B_r_ZN_f,trans,1,0,3.000000e-11,1.000000e-15,1.442010e-11,P,vth,2,-2.760000e-13,,,
NAND2_X1,B_r_ZN_f,delay,1,1,3.000000e-11,4.000000e-15,3.552234e-11,N,u0,2,-1.219225e-11,,,
NAND2_X1,B_r_ZN_f,delay,1,1,3.000000e-11,4.000000e-15,3.552234e-11,N,vth,2,1.063835e-10,,,
NAND2_X1,B_r_ZN_f,delay,1,1,3.000000e-11,4.000000e-15,3.552234e-11,P,u0,2,3.347501e-13,,,
NAND2_X1,B_r_ZN_f,delay,1,1,3.000000e-11,4.000000e-15,3.552234e-11,P,vth,2,-6.225002e-13,,,
NAND2_X1,B_r_ZN_f,trans,1,1,3.000000e-11,4.000000e-15,2.568752e-11,N,u0,2,-1.100950e-11,,,
NAND2_X1,B_r_ZN_f,trans,1,1,3.000000e-11,4.000000e-15,2.568752e-11,N,vth,2,5.844950e-11,,,
NAND2_X1,B_r_ZN_f,trans,1,1,3.000000e-11,4.000000e-15,2.568752e-11,P,u0,2,2.800000e-14,,,
NAND2_X1,B_r_ZN_f,trans,1,1,3.000000e-11,4.000000e-15,2.568752e-11,P,vth,2,-5.250000e-14,,,
NAND2_X1,B_r_ZN_f,delay,1,2,3.000000e-11,1.200000e-14,5.951652e-11,N,u0,2,-2.256150e-11,,,
NAND2_X1,B_r_ZN_f,delay,1,2,3.000000e-11,1.200000e-14,5.951652e-11,N,vth,2,1.744765e-10,,,
NAND2_X1,B_r_ZN_f,delay,1,2,3.000000e-11,1.200000e-14,5.951652e-11,P,u0,2,1.972500e-13,,,
NAND2_X1,B_r_ZN_f,delay,1,2,3.000000e-11,1.200000e-14,5.951652e-11,P,vth,2,-3.900000e-13,,,
NAND2_X1,B_r_ZN_f,trans,1,2,3.000000e-11,1.200000e-14,5.688009e-11,N,u0,2,-2.555226e-11,,,
NAND2_X1,B_r_ZN_f,trans,1,2,3.000000e-11,1.200000e-14,5.688009e-11,N,vth,2,1.445010e-10,,,
NAND2_X1,B_r_ZN_f,trans,1,2,3.000000e-11,1.200000e-14,5.688009e-11,P,u0,2,5.000001e-16,,,
NAND2_X1,B_r_ZN_f,trans,1,2,3.000000e-11,1.200000e-14,5.688009e-11,P,vth,2,-1.500000e-15,,,
NAND2_X1,B_r_ZN_f,delay,2,0,8.000000e-11,1.000000e-15,3.729160e-11,N,u0,2,-1.233950e-11,,,
NAND2_X1,B_r_ZN_f,delay,2,0,8.000000e-11,1.000000e-15,3.729160e-11,N,vth,2,1.658710e-10,,,
NAND2_X1,B_r_ZN_f,delay,2,0,8.000000e-11,1.000000e-15,3.729160e-11,P,u0,2,4.882500e-13,,,
NAND2_X1,B_r_ZN_f,delay,2,0,8.000000e-11,1.000000e-15,3.729160e-11,P,vth,2,-1.433500e-12,,,
NAND2_X1,B_r_ZN_f,trans,2,0,8.000000e-11,1.000000e-15,1.989446e-11,N,u0,2,-4.359249e-12,,,
NAND2_X1,B_r_ZN_f,trans,2,0,8.000000e-11,1.000000e-15,1.989446e-11,N,vth,2,6.158999e-12,,,
NAND2_X1,B_r_ZN_f,trans,2,0,8.000000e-11,1.000000e-15,1.989446e-11,P,u0,2,2.832499e-13,,,
NAND2_X1,B_r_ZN_f,trans,2,0,8.000000e-11,1.000000e-15,1.989446e-11,P,vth,2,-1.023000e-12,,,
NAND2_X1,B_r_ZN_f,delay,2,1,8.000000e-11,4.000000e-15,4.877420e-11,N,u0,2,-1.541825e-11,,,
NAND2_X1,B_r_ZN_f,delay,2,1,8.000000e-11,4.000000e-15,4.877420e-11,N,vth,2,1.800125e-10,,,
NAND2_X1,B_r_ZN_f,delay,2,1,8.000000e-11,4.000000e-15,4.877420e-11,P,u0,2,4.785002e-13,,,
NAND2_X1,B_r_ZN_f,delay,2,1,8.000000e-11,4.000000e-15,4.877420e-11,P,vth,2,-1.296000e-12,,,
NAND2_X1,B_r_ZN_f,trans,2,1,8.000000e-11,4.000000e-15,3.025369e-11,N,u0,2,-9.235000e-12,,,
NAND2_X1,B_r_ZN_f,trans,2,1,8.000000e-11,4.000000e-15,3.025369e-11,N,vth,2,3.262700e-11,,,
NAND2_X1,B_r_ZN_f,trans,2,1,8.000000e-11,4.000000e-15,3.025369e-11,P,u0,2,2.115000e-13,,,
NAND2_X1,B_r_ZN_f,trans,2,1,8.000000e-11,4.000000e-15,3.025369e-11,P,vth,2,-6.245000e-13,,,
NAND2_X1,B_r_ZN_f,delay,2,2,8.000000e-11,1.200000e-14,7.420764e-11,N,u0,2,-2.419250e-11,,,
NAND2_X1,B_r_ZN_f,delay,2,2,8.000000e-11,1.200000e-14,7.420764e-11,N,vth,2,2.295330e-10,,,
NAND2_X1,B_r_ZN_f,delay,2,2,8.000000e-11,1.200000e-14,7.420764e-11,P,u0,2,3.527500e-13,,,
NAND2_X1,B_r_ZN_f,delay,2,2,8.000000e-11,1.200000e-14,7.420764e-11,P,vth,2,-4.995000e-13,,,
NAND2_X1,B_r_ZN_f,trans,2,2,8.000000e-11,1.200000e-14,5.848897e-11,N,u0,2,-2.377425e-11,,,
NAND2_X1,B_r_ZN_f,trans,2,2,8.000000e-11,1.200000e-14,5.848897e-11,N,vth,2,1.231005e-10,,,
NAND2_X1,B_r_ZN_f,trans,2,2,8.000000e-11,1.200000e-14,5.848897e-11,P,u0,2,6.575001e-14,,,
NAND2_X1,B_r_ZN_f,trans,2,2,8.000000e-11,1.200000e-14,5.848897e-11,P,vth,2,-1.005000e-13,,,
NAND2_X1,B_f_ZN_r,delay,0,0,1.000000e-11,1.000000e-15,3.113188e-11,N,u0,2,8.995001e-13,,,
NAND2_X1,B_f_ZN_r,delay,0,0,1.000000e-11,1.000000e-15,3.113188e-11,N,vth,2,-1.180750e-11,,,
NAND2_X1,B_f_ZN_r,delay,0,0,1.000000e-11,1.000000e-15,3.113188e-11,P,u0,2,-2.255100e-11,,,
NAND2_X1,B_f_ZN_r,delay,0,0,1.000000e-11,1.000000e-15,3.113188e-11,P,vth,2,9.488351e-11,,,
NAND2_X1,B_f_ZN_r,trans,0,0,1.000000e-11,1.000000e-15,2.936454e-11,N,u0,2,2.405000e-13,,,
NAND2_X1,B_f_ZN_r,trans,0,0,1.000000e-11,1.000000e-15,2.936454e-11,N,vth,2,-1.285650e-11,,,
NAND2_X1,B_f_ZN_r,trans,0,0,1.000000e-11,1.000000e-15,2.936454e-11,P,u0,2,-2.463025e-11,,,
NAND2_X1,B_f_ZN_r,trans,0,0,1.000000e-11,1.000000e-15,2.936454e-11,P,vth,2,8.759651e-11,,,
NAND2_X1,B_f_ZN_r,delay,0,1,1.000000e-11,4.000000e-15,4.599767e-11,N,u0,2,8.067502e-13,,,
NAND2_X1,B_f_ZN_r,delay,0,1,1.000000e-11,4.000000e-15,4.599767e-11,N,vth,2,-1.081250e-11,,,
NAND2_X1,B_f_ZN_r,delay,0,1,1.000000e-11,4.000000e-15,4.599767e-11,P,u0,2,-3.453325e-11,,,
NAND2_X1,B_f_ZN_r,delay,0,1,1.000000e-11,4.000000e-15,4.599767e-11,P,vth,2,1.425145e-10,,,
NAND2_X1,B_f_ZN_r,trans,0,1,1.000000e-11,4.000000e-15,5.001982e-11,N,u0,2,2.980000e-13,,,
NAND2_X1,B_f_ZN_r,trans,0,1,1.000000e-11,4.000000e-15,5.001982e-11,N,vth,2,-1.324800e-11,,,
NAND2_X1,B_f_ZN_r,trans,0,1,1.000000e-11,4.000000e-15,5.001982e-11,P,u0,2,-4.196675e-11,,,
NAND2_X1,B_f_ZN_r,trans,0,1,1.000000e-11,4.000000e-15,5.001982e-11,P,vth,2,1.493935e-10,,,
NAND2_X1,B_f_ZN_r,delay,0,2,1.000000e-11,1.200000e-14,8.482868e-11,N,u0,2,7.002500e-13,,,
NAND2_X1,B_f_ZN_r,delay,0,2,1.000000e-11,1.200000e-14,8.482868e-11,N,vth,2,-9.441500e-12,,,
NAND2_X1,B_f_ZN_r,delay,0,2,1.000000e-11,1.200000e-14,8.482868e-11,P,u0,2,-6.602125e-11,,,
NAND2_X1,B_f_ZN_r,delay,0,2,1.000000e-11,1.200000e-14,8.482868e-11,P,vth,2,2.676185e-10,,,
NAND2_X1,B_f_ZN_r,trans,0,2,1.000000e-11,1.200000e-14,1.049435e-10,N,u0,2,3.475000e-13,,,
NAND2_X1,B_f_ZN_r,trans,0,2,1.000000e-11,1.200000e-14,1.049435e-10,N,vth,2,-1.362500e-11,,,
NAND2_X1,B_f_ZN_r,trans,0,2,1.000000e-11,1.200000e-14,1.049435e-10,P,u0,2,-8.792751e-11,,,
NAND2_X1,B_f_ZN_r,trans,0,2,1.000000e-11,1.200000e-14,1.049435e-10,P,vth,2,3.129200e-10,,,
NAND2_X1,B_f_ZN_r,delay,1,0,3.000000e-11,1.000000e-15,3.913311e-11,N,u0,2,8.219999e-13,,,
NAND2_X1,B_f_ZN_r,delay,1,0,3.000000e-11,1.000000e-15,3.913311e-11,N,vth,2,-1.145900e-11,,,
NAND2_X1,B_f_ZN_r,delay,1,0,3.000000e-11,1.000000e-15,3.913311e-11,P,u0,2,-2.230400e-11,,,
NAND2_X1,B_f_ZN_r,delay,1,0,3.000000e-11,1.000000e-15,3.913311e-11,P,vth,2,1.062810e-10,,,
NAND2_X1,B_f_ZN_r,trans,1,0,3.000000e-11,1.000000e-15,2.934020e-11,N,u0,2,2.737500e-13,,,
NAND2_X1,B_f_ZN_r,trans,1,0,3.000000e-11,1.000000e-15,2.934020e-11,N,vth,2,-1.301750e-11,,,
NAND2_X1,B_f_ZN_r,trans,1,0,3.000000e-11,1.000000e-15,2.934020e-11,P,u0,2,-2.442300e-11,,,
NAND2_X1,B_f_ZN_r,trans,1,0,3.000000e-11,1.000000e-15,2.934020e-11,P,vth,2,8.531550e-11,,,
NAND2_X1,B_f_ZN_r,delay,1,1,3.000000e-11,4.000000e-15,5.401635e-11,N,u0,2,7.820001e-13,,,
NAND2_X1,B_f_ZN_r,delay,1,1,3.000000e-11,4.000000e-15,5.401635e-11,N,vth,2,-1.115000e-11,,,
NAND2_X1,B_f_ZN_r,delay,1,1,3.000000e-11,4.000000e-15,5.401635e-11,P,u0,2,-3.436675e-11,,,
NAND2_X1,B_f_ZN_r,delay,1,1,3.000000e-11,4.000000e-15,5.401635e-11,P,vth,2,1.545935e-10,,,
NAND2_X1,B_f_ZN_r,trans,1,1,3.000000e-11,4.000000e-15,5.001985e-11,N,u0,2,2.975000e-13,,,
NAND2_X1,B_f_ZN_r,trans,1,1,3.000000e-11,4.000000e-15,5.001985e-11,N,vth,2,-1.324300e-11,,,
NAND2_X1,B_f_ZN_r,trans,1,1,3.000000e-11,4.000000e-15,5.001985e-11,P,u0,2,-4.196725e-11,,,
NAND2_X1,B_f_ZN_r,trans,1,1,3.000000e-11,4.000000e-15,5.001985e-11,P,vth,2,1.493950e-10,,,
NAND2_X1,B_f_ZN_r,delay,1,2,3.000000e-11,1.200000e-14,9.296448e-11,N,u0,2,7.142500e-13,,,
NAND2_X1,B_f_ZN_r,delay,1,2,3.000000e-11,1.200000e-14,9.296448e-11,N,vth,2,-1.005000e-11,,,
NAND2_X1,B_f_ZN_r,delay,1,2,3.000000e-11,1.200000e-14,9.296448e-11,P,u0,2,-6.601275e-11,,,
NAND2_X1,B_f_ZN_r,delay,1,2,3.000000e-11,1.200000e-14,9.296448e-11,P,vth,2,2.806765e-10,,,
NAND2_X1,B_f_ZN_r,trans,1,2,3.000000e-11,1.200000e-14,1.049435e-10,N,u0,2,3.500000e-13,,,
NAND2_X1,B_f_ZN_r,trans,1,2,3.000000e-11,1.200000e-14,1.049435e-10,N,vth,2,-1.362000e-11,,,
NAND2_X1,B_f_ZN_r,trans,1,2,3.000000e-11,1.200000e-14,1.049435e-10,P,u0,2,-8.793000e-11,,,
NAND2_X1,B_f_ZN_r,trans,1,2,3.000000e-11,1.200000e-14,1.049435e-10,P,vth,2,3.129200e-10,,,
NAND2_X1,B_f_ZN_r,delay,2,0,8.000000e-11,1.000000e-15,6.014478e-11,N,u0,2,6.927500e-13,,,
NAND2_X1,B_f_ZN_r,delay,2,0,8.000000e-11,1.000000e-15,6.014478e-11,N,vth,2,-1.550650e-11,,,
NAND2_X1,B_f_ZN_r,delay,2,0,8.000000e-11,1.000000e-15,6.014478e-11,P,u0,2,-2.630375e-11,,,
NAND2_X1,B_f_ZN_r,delay,2,0,8.000000e-11,1.000000e-15,6.014478e-11,P,vth,2,1.592030e-10,,,
NAND2_X1,B_f_ZN_r,trans,2,0,8.000000e-11,1.000000e-15,3.691215e-11,N,u0,2,3.035001e-13,,,
NAND2_X1,B_f_ZN_r,trans,2,0,8.000000e-11,1.000000e-15,3.691215e-11,N,vth,2,-1.633600e-11,,,
NAND2_X1,B_f_ZN_r,trans,2,0,8.000000e-11,1.000000e-15,3.691215e-11,P,u0,2,-1.615725e-11,,,
NAND2_X1,B_f_ZN_r,trans,2,0,8.000000e-11,1.000000e-15,3.691215e-11,P,vth,2,2.955100e-11,,,
NAND2_X1,B_f_ZN_r,delay,2,1,8.000000e-11,4.000000e-15,7.528683e-11,N,u0,2,4.602500e-13,,,
NAND2_X1,B_f_ZN_r,delay,2,1,8.000000e-11,4.000000e-15,7.528683e-11,N,vth,2,-1.125250e-11,,,
NAND2_X1,B_f_ZN_r,delay,2,1,8.000000e-11,4.000000e-15,7.528683e-11,P,u0,2,-3.461525e-11,,,
NAND2_X1,B_f_ZN_r,delay,2,1,8.000000e-11,4.000000e-15,7.528683e-11,P,vth,2,1.855755e-10,,,
NAND2_X1,B_f_ZN_r,trans,2,1,8.000000e-11,4.000000e-15,5.353000e-11,N,u0,2,2.930000e-13,,,
NAND2_X1,B_f_ZN_r,trans,2,1,8.000000e-11,4.000000e-15,5.353000e-11,N,vth,2,-1.428650e-11,,,
NAND2_X1,B_f_ZN_r,trans,2,1,8.000000e-11,4.000000e-15,5.353000e-11,P,u0,2,-3.476350e-11,,,
NAND2_X1,B_f_ZN_r,trans,2,1,8.000000e-11,4.000000e-15,5.353000e-11,P,vth,2,1.024560e-10,,,
NAND2_X1,B_f_ZN_r,delay,2,2,8.000000e-11,1.200000e-14,1.139782e-10,N,u0,2,5.275000e-13,,,
NAND2_X1,B_f_ZN_r,delay,2,2,8.000000e-11,1.200000e-14,1.139782e-10,N,vth,2,-8.475000e-12,,,
NAND2_X1,B_f_ZN_r,delay,2,2,8.000000e-11,1.200000e-14,1.139782e-10,P,u0,2,-6.630250e-11,,,
NAND2_X1,B_f_ZN_r,delay,2,2,8.000000e-11,1.200000e-14,1.139782e-10,P,vth,2,3.130700e-10,,,
NAND2_X1,B_f_ZN_r,trans,2,2,8.000000e-11,1.200000e-14,1.049473e-10,N,u0,2,3.475000e-13,,,
NAND2_X1,B_f_ZN_r,trans,2,2,8.000000e-11,1.200000e-14,1.049473e-10,N,vth,2,-1.361500e-11,,,
NAND2_X1,B_f_ZN_r,trans,2,2,8.000000e-11,1.200000e-14,1.049473e-10,P,u0,2,-8.760250e-11,,,
NAND2_X1,B_f_ZN_r,trans,2,2,8.000000e-11,1.200000e-14,1.049473e-10,P,vth,2,3.094500e-10,,,
NOR2_X1,A_r_ZN_f,delay,0,0,1.000000e-11,1.000000e-15,3.149759e-11,N,u0,2,-1.058250e-11,,,
NOR2_X1,A_r_ZN_f,delay,0,0,1.000000e-11,1.000000e-15,3.149759e-11,N,vth,2,8.371851e-11,,,
NOR2_X1,A_r_ZN_f,delay,0,0,1.000000e-11,1.000000e-15,3.149759e-11,P,u0,2,4.019501e-12,,,
NOR2_X1,A_r_ZN_f,delay,0,0,1.000000e-11,1.000000e-15,3.149759e-11,P,vth,2,-2.106450e-11,,,
NOR2_X1,A_r_ZN_f,trans,0,0,1.000000e-11,1.000000e-15,2.592475e-11,N,u0,2,-9.219751e-12,,,
NOR2_X1,A_r_ZN_f,trans,0,0,1.000000e-11,1.000000e-15,2.592475e-11,N,vth,2,5.968551e-11,,,
NOR2_X1,A_r_ZN_f,trans,0,0,1.000000e-11,1.000000e-15,2.592475e-11,P,u0,2,1.555000e-13,,,
NOR2_X1,A_r_ZN_f,trans,0,0,1.000000e-11,1.000000e-15,2.592475e-11,P,vth,2,-1.821300e-11,,,
NOR2_X1,A_r_ZN_f,delay,0,1,1.000000e-11,4.000000e-15,4.314472e-11,N,u0,2,-1.416325e-11,,,
NOR2_X1,A_r_ZN_f,delay,0,1,1.000000e-11,4.000000e-15,4.314472e-11,N,vth,2,1.102785e-10,,,
NOR2_X1,A_r_ZN_f,delay,0,1,1.000000e-11,4.000000e-15,4.314472e-11,P,u0,2,3.397750e-12,,,
NOR2_X1,A_r_ZN_f,delay,0,1,1.000000e-11,4.000000e-15,4.314472e-11,P,vth,2,-1.965300e-11,,,
NOR2_X1,A_r_ZN_f,trans,0,1,1.000000e-11,4.000000e-15,3.980905e-11,N,u0,2,-1.414375e-11,,,
NOR2_X1,A_r_ZN_f,trans,0,1,1.000000e-11,4.000000e-15,3.980905e-11,N,vth,2,9.228448e-11,,,
NOR2_X1,A_r_ZN_f,trans,0,1,1.000000e-11,4.000000e-15,3.980905e-11,P,u0,2,1.057500e-13,,,
NOR2_X1,A_r_ZN_f,trans,0,1,1.000000e-11,4.000000e-15,3.980905e-11,P,vth,2,-1.970650e-11,,,
NOR2_X1,A_r_ZN_f,delay,0,2,1.000000e-11,1.200000e-14,7.231605e-11,N,u0,2,-2.348325e-11,,,
NOR2_X1,A_r_ZN_f,delay,0,2,1.000000e-11,1.200000e-14,7.231605e-11,N,vth,2,1.793650e-10,,,
NOR2_X1,A_r_ZN_f,delay,0,2,1.000000e-11,1.200000e-14,7.231605e-11,P,u0,2,2.679500e-12,,,
NOR2_X1,A_r_ZN_f,delay,0,2,1.000000e-11,1.200000e-14,7.231605e-11,P,vth,2,-1.810450e-11,,,
NOR2_X1,A_r_ZN_f,trans,0,2,1.000000e-11,1.200000e-14,7.633279e-11,N,u0,2,-2.722450e-11,,,
NOR2_X1,A_r_ZN_f,trans,0,2,1.000000e-11,1.200000e-14,7.633279e-11,N,vth,2,1.781200e-10,,,
NOR2_X1,A_r_ZN_f,trans,0,2,1.000000e-11,1.200000e-14,7.633279e-11,P,u0,2,1.187500e-13,,,
NOR2_X1,A_r_ZN_f,trans,0,2,1.000000e-11,1.200000e-14,7.633279e-11,P,vth,2,-2.196950e-11,,,
NOR2_X1,A_r_ZN_f,delay,1,0,3.000000e-11,1.000000e-15,3.872590e-11,N,u0,2,-1.102900e-11,,,
NOR2_X1,A_r_ZN_f,delay,1,0,3.000000e-11,1.000000e-15,3.872590e-11,N,vth,2,9.793649e-11,,,
NOR2_X1,A_r_ZN_f,delay,1,0,3.000000e-11,1.000000e-15,3.872590e-11,P,u0,2,4.228499e-12,,,
NOR2_X1,A_r_ZN_f,delay,1,0,3.000000e-11,1.000000e-15,3.872590e-11,P,vth,2,-2.299200e-11,,,
NOR2_X1,A_r_ZN_f,trans,1,0,3.000000e-11,1.000000e-15,2.570503e-11,N,u0,2,-9.486248e-12,,,
NOR2_X1,A_r_ZN_f,trans,1,0,3.000000e-11,1.000000e-15,2.570503e-11,N,vth,2,6.178098e-11,,,
NOR2_X1,A_r_ZN_f,trans,1,0,3.000000e-11,1.000000e-15,2.570503e-11,P,u0,2,3.974999e-13,,,
NOR2_X1,A_r_ZN_f,trans,1,0,3.000000e-11,1.000000e-15,2.570503e-11,P,vth,2,-1.964400e-11,,,
NOR2_X1,A_r_ZN_f,delay,1,1,3.000000e-11,4.000000e-15,5.046492e-11,N,u0,2,-1.468375e-11,,,
NOR2_X1,A_r_ZN_f,delay,1,1,3.000000e-11,4.000000e-15,5.046492e-11,N,vth,2,1.252025e-10,,,
NOR2_X1,A_r_ZN_f,delay,1,1,3.000000e-11,4.000000e-15,5.046492e-11,P,u0,2,3.682250e-12,,,
NOR2_X1,A_r_ZN_f,delay,1,1,3.000000e-11,4.000000e-15,5.046492e-11,P,vth,2,-2.164000e-11,,,
NOR2_X1,A_r_ZN_f,trans,1,1,3.000000e-11,4.000000e-15,3.977259e-11,N,u0,2,-1.422050e-11,,,
NOR2_X1,A_r_ZN_f,trans,1,1,3.000000e-11,4.000000e-15,3.977259e-11,N,vth,2,9.289299e-11,,,
NOR2_X1,A_r_ZN_f,trans,1,1,3.000000e-11,4.000000e-15,3.977259e-11,P,u0,2,5.824999e-14,,,
NOR2_X1,A_r_ZN_f,trans,1,1,3.000000e-11,4.000000e-15,3.977259e-11,P,vth,2,-2.011750e-11,,,
NOR2_X1,A_r_ZN_f,delay,1,2,3.000000e-11,1.200000e-14,7.975798e-11,N,u0,2,-2.406175e-11,,,
NOR2_X1,A_r_ZN_f,delay,1,2,3.000000e-11,1.200000e-14,7.975798e-11,N,vth,2,1.948480e-10,,,
NOR2_X1,A_r_ZN_f,delay,1,2,3.000000e-11,1.200000e-14,7.975798e-11,P,u0,2,3.015000e-12,,,
NOR2_X1,A_r_ZN_f,delay,1,2,3.000000e-11,1.200000e-14,7.975798e-11,P,vth,2,-1.990200e-11,,,
NOR2_X1,A_r_ZN_f,trans,1,2,3.000000e-11,1.200000e-14,7.633325e-11,N,u0,2,-2.722325e-11,,,
NOR2_X1,A_r_ZN_f,trans,1,2,3.000000e-11,1.200000e-14,7.633325e-11,N,vth,2,1.781075e-10,,,
NOR2_X1,A_r_ZN_f,trans,1,2,3.000000e-11,1.200000e-14,7.633325e-11,P,u0,2,1.290000e-13,,,
NOR2_X1,A_r_ZN_f,trans,1,2,3.000000e-11,1.200000e-14,7.633325e-11,P,vth,2,-2.198450e-11,,,
NOR2_X1,A_r_ZN_f,delay,2,0,8.000000e-11,1.000000e-15,5.806978e-11,N,u0,2,-1.391900e-11,,,
NOR2_X1,A_r_ZN_f,delay,2,0,8.000000e-11,1.000000e-15,5.806978e-11,N,vth,2,1.510575e-10,,,
NOR2_X1,A_r_ZN_f,delay,2,0,8.000000e-11,1.000000e-15,5.806978e-11,P,u0,2,3.891750e-12,,,
NOR2_X1,A_r_ZN_f,delay,2,0,8.000000e-11,1.000000e-15,5.806978e-11,P,vth,2,-2.322150e-11,,,
NOR2_X1,A_r_ZN_f,trans,2,0,8.000000e-11,1.000000e-15,3.141575e-11,N,u0,2,-4.974000e-12,,,
NOR2_X1,A_r_ZN_f,trans,2,0,8.000000e-11,1.000000e-15,3.141575e-11,N,vth,2,8.760001e-12,,,
NOR2_X1,A_r_ZN_f,trans,2,0,8.000000e-11,1.000000e-15,3.141575e-11,P,u0,2,8.632500e-13,,,
NOR2_X1,A_r_ZN_f,trans,2,0,8.000000e-11,1.000000e-15,3.141575e-11,P,vth,2,-1.737450e-11,,,
NOR2_X1,A_r_ZN_f,delay,2,1,8.000000e-11,4.000000e-15,6.998708e-11,N,u0,2,-1.594850e-11,,,
NOR2_X1,A_r_ZN_f,delay,2,1,8.000000e-11,4.000000e-15,6.998708e-11,N,vth,2,1.609065e-10,,,
NOR2_X1,A_r_ZN_f,delay,2,1,8.000000e-11,4.000000e-15,6.998708e-11,P,u0,2,3.303750e-12,,,
NOR2_X1,A_r_ZN_f,delay,2,1,8.000000e-11,4.000000e-15,6.998708e-11,P,vth,2,-2.025100e-11,,,
NOR2_X1,A_r_ZN_f,trans,2,1,8.000000e-11,4.000000e-15,4.286432e-11,N,u0,2,-1.071725e-11,,,
NOR2_X1,A_r_ZN_f,trans,2,1,8.000000e-11,4.000000e-15,4.286432e-11,N,vth,2,5.182551e-11,,,
NOR2_X1,A_r_ZN_f,trans,2,1,8.000000e-11,4.000000e-15,4.286432e-11,P,u0,2,4.547501e-13,,,
NOR2_X1,A_r_ZN_f,trans,2,1,8.000000e-11,4.000000e-15,4.286432e-11,P,vth,2,-1.986201e-11,,,
NOR2_X1,A_r_ZN_f,delay,2,2,8.000000e-11,1.200000e-14,9.923010e-11,N,u0,2,-2.567950e-11,,,
NOR2_X1,A_r_ZN_f,delay,2,2,8.000000e-11,1.200000e-14,9.923010e-11,N,vth,2,2.342120e-10,,,
NOR2_X1,A_r_ZN_f,delay,2,2,8.000000e-11,1.200000e-14,9.923010e-11,P,u0,2,2.980250e-12,,,
NOR2_X1,A_r_ZN_f,delay,2,2,8.000000e-11,1.200000e-14,9.923010e-11,P,vth,2,-2.010400e-11,,,
NOR2_X1,A_r_ZN_f,trans,2,2,8.000000e-11,1.200000e-14,7.663387e-11,N,u0,2,-2.595275e-11,,,
NOR2_X1,A_r_ZN_f,trans,2,2,8.000000e-11,1.200000e-14,7.663387e-11,N,vth,2,1.640465e-10,,,
NOR2_X1,A_r_ZN_f,trans,2,2,8.000000e-11,1.200000e-14,7.663387e-11,P,u0,2,2.460000e-13,,,
NOR2_X1,A_r_ZN_f,trans,2,2,8.000000e-11,1.200000e-14,7.663387e-11,P,vth,2,-2.213550e-11,,,
NOR2_X1,A_f_ZN_r,delay,0,0,1.000000e-11,1.000000e-15,3.803910e-11,N,u0,2,1.437500e-13,,,
NOR2_X1,A_f_ZN_r,delay,0,0,1.000000e-11,1.000000e-15,3.803910e-11,N,vth,2,-5.120002e-13,,,
NOR2_X1,A_f_ZN_r,delay,0,0,1.000000e-11,1.000000e-15,3.803910e-11,P,u0,2,-2.892826e-11,,,
NOR2_X1,A_f_ZN_r,delay,0,0,1.000000e-11,1.000000e-15,3.803910e-11,P,vth,2,1.250135e-10,,,
NOR2_X1,A_f_ZN_r,trans,0,0,1.000000e-11,1.000000e-15,2.779281e-11,N,u0,2,1.200000e-14,,,
NOR2_X1,A_f_ZN_r,trans,0,0,1.000000e-11,1.000000e-15,2.779281e-11,N,vth,2,-4.699999e-14,,,
NOR2_X1,A_f_ZN_r,trans,0,0,1.000000e-11,1.000000e-15,2.779281e-11,P,u0,2,-2.449075e-11,,,
NOR2_X1,A_f_ZN_r,trans,0,0,1.000000e-11,1.000000e-15,2.779281e-11,P,vth,2,7.659850e-11,,,
NOR2_X1,A_f_ZN_r,delay,0,1,1.000000e-11,4.000000e-15,5.301202e-11,N,u0,2,1.037500e-13,,,
NOR2_X1,A_f_ZN_r,delay,0,1,1.000000e-11,4.000000e-15,5.301202e-11,N,vth,2,-8.750000e-14,,,
NOR2_X1,A_f_ZN_r,delay,0,1,1.000000e-11,4.000000e-15,5.301202e-11,P,u0,2,-4.195649e-11,,,
NOR2_X1,A_f_ZN_r,delay,0,1,1.000000e-11,4.000000e-15,5.301202e-11,P,vth,2,1.783170e-10,,,
NOR2_X1,A_f_ZN_r,trans,0,1,1.000000e-11,4.000000e-15,4.822424e-11,N,u0,2,2.500000e-15,,,
NOR2_X1,A_f_ZN_r,trans,0,1,1.000000e-11,4.000000e-15,4.822424e-11,N,vth,2,-8.999998e-15,,,
NOR2_X1,A_f_ZN_r,trans,0,1,1.000000e-11,4.000000e-15,4.822424e-11,P,u0,2,-4.250149e-11,,,
NOR2_X1,A_f_ZN_r,trans,0,1,1.000000e-11,4.000000e-15,4.822424e-11,P,vth,2,1.437395e-10,,,
NOR2_X1,A_f_ZN_r,delay,0,2,1.000000e-11,1.200000e-14,9.254405e-11,N,u0,2,5.675000e-14,,,
NOR2_X1,A_f_ZN_r,delay,0,2,1.000000e-11,1.200000e-14,9.254405e-11,N,vth,2,-3.485000e-13,,,
NOR2_X1,A_f_ZN_r,delay,0,2,1.000000e-11,1.200000e-14,9.254405e-11,P,u0,2,-7.636350e-11,,,
NOR2_X1,A_f_ZN_r,delay,0,2,1.000000e-11,1.200000e-14,9.254405e-11,P,vth,2,3.200851e-10,,,
NOR2_X1,A_f_ZN_r,trans,0,2,1.000000e-11,1.200000e-14,1.029966e-10,N,u0,2,0.000000e+00,,,
NOR2_X1,A_f_ZN_r,trans,0,2,1.000000e-11,1.200000e-14,1.029966e-10,N,vth,2,-9.999999e-15,,,
NOR2_X1,A_f_ZN_r,trans,0,2,1.000000e-11,1.200000e-14,1.029966e-10,P,u0,2,-9.069249e-11,,,
NOR2_X1,A_f_ZN_r,trans,0,2,1.000000e-11,1.200000e-14,1.029966e-10,P,vth,2,3.214600e-10,,,
NOR2_X1,A_f_ZN_r,delay,1,0,3.000000e-11,1.000000e-15,4.639541e-11,N,u0,2,1.610001e-13,,,
NOR2_X1,A_f_ZN_r,delay,1,0,3.000000e-11,1.000000e-15,4.639541e-11,N,vth,2,-1.011500e-12,,,
NOR2_X1,A_f_ZN_r,delay,1,0,3.000000e-11,1.000000e-15,4.639541e-11,P,u0,2,-2.943351e-11,,,
NOR2_X1,A_f_ZN_r,delay,1,0,3.000000e-11,1.000000e-15,4.639541e-11,P,vth,2,1.423000e-10,,,
NOR2_X1,A_f_ZN_r,trans,1,0,3.000000e-11,1.000000e-15,2.783626e-11,N,u0,2,1.550000e-14,,,
NOR2_X1,A_f_ZN_r,trans,1,0,3.000000e-11,1.000000e-15,2.783626e-11,N,vth,2,-1.015000e-13,,,
NOR2_X1,A_f_ZN_r,trans,1,0,3.000000e-11,1.000000e-15,2.783626e-11,P,u0,2,-2.441325e-11,,,
NOR2_X1,A_f_ZN_r,trans,1,0,3.000000e-11,1.000000e-15,2.783626e-11,P,vth,2,7.576000e-11,,,
NOR2_X1,A_f_ZN_r,delay,1,1,3.000000e-11,4.000000e-15,6.139926e-11,N,u0,2,1.667500e-13,,,
NOR2_X1,A_f_ZN_r,delay,1,1,3.000000e-11,4.000000e-15,6.139926e-11,N,vth,2,-8.075000e-13,,,
NOR2_X1,A_f_ZN_r,delay,1,1,3.000000e-11,4.000000e-15,6.139926e-11,P,u0,2,-4.248200e-11,,,
NOR2_X1,A_f_ZN_r,delay,1,1,3.000000e-11,4.000000e-15,6.139926e-11,P,vth,2,1.956825e-10,,,
NOR2_X1,A_f_ZN_r,trans,1,1,3.000000e-11,4.000000e-15,4.823356e-11,N,u0,2,3.500000e-15,,,
NOR2_X1,A_f_ZN_r,trans,1,1,3.000000e-11,4.000000e-15,4.823356e-11,N,vth,2,-2.300000e-14,,,
NOR2_X1,A_f_ZN_r,trans,1,1,3.000000e-11,4.000000e-15,4.823356e-11,P,u0,2,-4.248650e-11,,,
NOR2_X1,A_f_ZN_r,trans,1,1,3.000000e-11,4.000000e-15,4.823356e-11,P,vth,2,1.435225e-10,,,
NOR2_X1,A_f_ZN_r,delay,1,2,3.000000e-11,1.200000e-14,1.010090e-10,N,u0,2,1.250000e-13,,,
NOR2_X1,A_f_ZN_r,delay,1,2,3.000000e-11,1.200000e-14,1.010090e-10,N,vth,2,-2.800000e-13,,,
NOR2_X1,A_f_ZN_r,delay,1,2,3.000000e-11,1.200000e-14,1.010090e-10,P,u0,2,-7.696250e-11,,,
NOR2_X1,A_f_ZN_r,delay,1,2,3.000000e-11,1.200000e-14,1.010090e-10,P,vth,2,3.377505e-10,,,
NOR2_X1,A_f_ZN_r,trans,1,2,3.000000e-11,1.200000e-14,1.029969e-10,N,u0,2,5.000000e-15,,,
NOR2_X1,A_f_ZN_r,trans,1,2,3.000000e-11,1.200000e-14,1.029969e-10,N,vth,2,-1.000000e-14,,,
NOR2_X1,A_f_ZN_r,trans,1,2,3.000000e-11,1.200000e-14,1.029969e-10,P,u0,2,-9.069751e-11,,,
NOR2_X1,A_f_ZN_r,trans,1,2,3.000000e-11,1.200000e-14,1.029969e-10,P,vth,2,3.214551e-10,,,
NOR2_X1,A_f_ZN_r,delay,2,0,8.000000e-11,1.000000e-15,6.408094e-11,N,u0,2,1.217500e-13,,,
NOR2_X1,A_f_ZN_r,delay,2,0,8.000000e-11,1.000000e-15,6.408094e-11,N,vth,2,-1.044500e-12,,,
NOR2_X1,A_f_ZN_r,delay,2,0,8.000000e-11,1.000000e-15,6.408094e-11,P,u0,2,-3.599576e-11,,,
NOR2_X1,A_f_ZN_r,delay,2,0,8.000000e-11,1.000000e-15,6.408094e-11,P,vth,2,2.268380e-10,,,
NOR2_X1,A_f_ZN_r,trans,2,0,8.000000e-11,1.000000e-15,3.074638e-11,N,u0,2,4.850000e-14,,,
NOR2_X1,A_f_ZN_r,trans,2,0,8.000000e-11,1.000000e-15,3.074638e-11,N,vth,2,-4.244999e-13,,,
NOR2_X1,A_f_ZN_r,trans,2,0,8.000000e-11,1.000000e-15,3.074638e-11,P,u0,2,-1.946125e-11,,,
NOR2_X1,A_f_ZN_r,trans,2,0,8.000000e-11,1.000000e-15,3.074638e-11,P,vth,2,3.577050e-11,,,
NOR2_X1,A_f_ZN_r,delay,2,1,8.000000e-11,4.000000e-15,7.960520e-11,N,u0,2,1.457500e-13,,,
NOR2_X1,A_f_ZN_r,delay,2,1,8.000000e-11,4.000000e-15,7.960520e-11,N,vth,2,-9.989999e-13,,,
NOR2_X1,A_f_ZN_r,delay,2,1,8.000000e-11,4.000000e-15,7.960520e-11,P,u0,2,-4.627075e-11,,,
NOR2_X1,A_f_ZN_r,delay,2,1,8.000000e-11,4.000000e-15,7.960520e-11,P,vth,2,2.611520e-10,,,
NOR2_X1,A_f_ZN_r,trans,2,1,8.000000e-11,4.000000e-15,4.959544e-11,N,u0,2,3.025001e-14,,,
NOR2_X1,A_f_ZN_r,trans,2,1,8.000000e-11,4.000000e-15,4.959544e-11,N,vth,2,-2.140001e-13,,,
NOR2_X1,A_f_ZN_r,trans,2,1,8.000000e-11,4.000000e-15,4.959544e-11,P,u0,2,-3.874951e-11,,,
NOR2_X1,A_f_ZN_r,trans,2,1,8.000000e-11,4.000000e-15,4.959544e-11,P,vth,2,1.157030e-10,,,
NOR2_X1,A_f_ZN_r,delay,2,2,8.000000e-11,1.200000e-14,1.192264e-10,N,u0,2,1.725000e-13,,,
NOR2_X1,A_f_ZN_r,delay,2,2,8.000000e-11,1.200000e-14,1.192264e-10,N,vth,2,-8.700001e-13,,,
NOR2_X1,A_f_ZN_r,delay,2,2,8.000000e-11,1.200000e-14,1.192264e-10,P,u0,2,-8.061001e-11,,,
NOR2_X1,A_f_ZN_r,delay,2,2,8.000000e-11,1.200000e-14,1.192264e-10,P,vth,2,4.022550e-10,,,
NOR2_X1,A_f_ZN_r,trans,2,2,8.000000e-11,1.200000e-14,1.030514e-10,N,u0,2,2.500000e-15,,,
NOR2_X1,A_f_ZN_r,trans,2,2,8.000000e-11,1.200000e-14,1.030514e-10,N,vth,2,-3.000000e-14,,,
NOR2_X1,A_f_ZN_r,trans,2,2,8.000000e-11,1.200000e-14,1.030514e-10,P,u0,2,-9.034500e-11,,,
NOR2_X1,A_f_ZN_r,trans,2,2,8.000000e-11,1.200000e-14,1.030514e-10,P,vth,2,3.188350e-10,,,
NOR2_X1,B_r_ZN_f,delay,0,0,1.000000e-11,1.000000e-15,2.136927e-11,N,u0,2,-6.004248e-12,,,
NOR2_X1,B_r_ZN_f,delay,0,0,1.000000e-11,1.000000e-15,2.136927e-11,N,vth,2,4.935948e-11,,,
NOR2_X1,B_r_ZN_f,delay,0,0,1.000000e-11,1.000000e-15,2.136927e-11,P,u0,2,6.417497e-13,,,
NOR2_X1,B_r_ZN_f,delay,0,0,1.000000e-11,1.000000e-15,2.136927e-11,P,vth,2,-1.675499e-12,,,
NOR2_X1,B_r_ZN_f,trans,0,0,1.000000e-11,1.000000e-15,1.529535e-11,N,u0,2,-5.459750e-12,,,
NOR2_X1,B_r_ZN_f,trans,0,0,1.000000e-11,1.000000e-15,1.529535e-11,N,vth,2,3.555500e-11,,,
NOR2_X1,B_r_ZN_f,trans,0,0,1.000000e-11,1.000000e-15,1.529535e-11,P,u0,2,5.000000e-16,,,
NOR2_X1,B_r_ZN_f,trans,0,0,1.000000e-11,1.000000e-15,1.529535e-11,P,vth,2,-2.000000e-15,,,
NOR2_X1,B_r_ZN_f,delay,0,1,1.000000e-11,4.000000e-15,3.241590e-11,N,u0,2,-9.673998e-12,,,
NOR2_X1,B_r_ZN_f,delay,0,1,1.000000e-11,4.000000e-15,3.241590e-11,N,vth,2,7.686699e-11,,,
NOR2_X1,B_r_ZN_f,delay,0,1,1.000000e-11,4.000000e-15,3.241590e-11,P,u0,2,3.162499e-13,,,
NOR2_X1,B_r_ZN_f,delay,0,1,1.000000e-11,4.000000e-15,3.241590e-11,P,vth,2,-3.859999e-12,,,
NOR2_X1,B_r_ZN_f,trans,0,1,1.000000e-11,4.000000e-15,2.890006e-11,N,u0,2,-1.032050e-11,,,
NOR2_X1,B_r_ZN_f,trans,0,1,1.000000e-11,4.000000e-15,2.890006e-11,N,vth,2,6.722250e-11,,,
NOR2_X1,B_r_ZN_f,trans,0,1,1.000000e-11,4.000000e-15,2.890006e-11,P,u0,2,0.000000e+00,,,
NOR2_X1,B_r_ZN_f,trans,0,1,1.000000e-11,4.000000e-15,2.890006e-11,P,vth,2,-1.000000e-15,,,
NOR2_X1,B_r_ZN_f,delay,0,2,1.000000e-11,1.200000e-14,6.061591e-11,N,u0,2,-1.897150e-11,,,
NOR2_X1,B_r_ZN_f,delay,0,2,1.000000e-11,1.200000e-14,6.061591e-11,N,vth,2,1.459120e-10,,,
NOR2_X1,B_r_ZN_f,delay,0,2,1.000000e-11,1.200000e-14,6.061591e-11,P,u0,2,5.545001e-13,,,
NOR2_X1,B_r_ZN_f,delay,0,2,1.000000e-11,1.200000e-14,6.061591e-11,P,vth,2,-6.073500e-12,,,
NOR2_X1,B_r_ZN_f,trans,0,2,1.000000e-11,1.200000e-14,6.517973e-11,N,u0,2,-2.328000e-11,,,
NOR2_X1,B_r_ZN_f,trans,0,2,1.000000e-11,1.200000e-14,6.517973e-11,N,vth,2,1.516485e-10,,,
NOR2_X1,B_r_ZN_f,trans,0,2,1.000000e-11,1.200000e-14,6.517973e-11,P,u0,2,0.000000e+00,,,
NOR2_X1,B_r_ZN_f,trans,0,2,1.000000e-11,1.200000e-14,6.517973e-11,P,vth,2,-3.500000e-15,,,
NOR2_X1,B_r_ZN_f,delay,1,0,3.000000e-11,1.000000e-15,2.849951e-11,N,u0,2,-6.337001e-12,,,
NOR2_X1,B_r_ZN_f,delay,1,0,3.000000e-11,1.000000e-15,2.849951e-11,N,vth,2,6.164801e-11,,,
NOR2_X1,B_r_ZN_f,delay,1,0,3.000000e-11,1.000000e-15,2.849951e-11,P,u0,2,1.005750e-12,,,
NOR2_X1,B_r_ZN_f,delay,1,0,3.000000e-11,1.000000e-15,2.849951e-11,P,vth,2,-1.256000e-12,,,
NOR2_X1,B_r_ZN_f,trans,1,0,3.000000e-11,1.000000e-15,1.602223e-11,N,u0,2,-4.305000e-12,,,
NOR2_X1,B_r_ZN_f,trans,1,0,3.000000e-11,1.000000e-15,1.602223e-11,N,vth,2,2.259400e-11,,,
NOR2_X1,B_r_ZN_f,trans,1,0,3.000000e-11,1.000000e-15,1.602223e-11,P,u0,2,3.432500e-13,,,
NOR2_X1,B_r_ZN_f,trans,1,0,3.000000e-11,1.000000e-15,1.602223e-11,P,vth,2,-4.305000e-13,,,
NOR2_X1,B_r_ZN_f,delay,1,1,3.000000e-11,4.000000e-15,3.969212e-11,N,u0,2,-1.011900e-11,,,
NOR2_X1,B_r_ZN_f,delay,1,1,3.000000e-11,4.000000e-15,3.969212e-11,N,vth,2,9.055099e-11,,,
NOR2_X1,B_r_ZN_f,delay,1,1,3.000000e-11,4.000000e-15,3.969212e-11,P,u0,2,9.549999e-13,,,
NOR2_X1,B_r_ZN_f,delay,1,1,3.000000e-11,4.000000e-15,3.969212e-11,P,vth,2,-2.207000e-12,,,
NOR2_X1,B_r_ZN_f,trans,1,1,3.000000e-11,4.000000e-15,2.889999e-11,N,u0,2,-1.031800e-11,,,
NOR2_X1,B_r_ZN_f,trans,1,1,3.000000e-11,4.000000e-15,2.889999e-11,N,vth,2,6.722100e-11,,,
NOR2_X1,B_r_ZN_f,trans,1,1,3.000000e-11,4.000000e-15,2.889999e-11,P,u0,2,2.500000e-15,,,
NOR2_X1,B_r_ZN_f,trans,1,1,3.000000e-11,4.000000e-15,2.889999e-11,P,vth,2,-7.500000e-15,,,
NOR2_X1,B_r_ZN_f,delay,1,2,3.000000e-11,1.200000e-14,6.828945e-11,N,u0,2,-1.960425e-11,,,
NOR2_X1,B_r_ZN_f,delay,1,2,3.000000e-11,1.200000e-14,6.828945e-11,N,vth,2,1.615505e-10,,,
NOR2_X1,B_r_ZN_f,delay,1,2,3.000000e-11,1.200000e-14,6.828945e-11,P,u0,2,5.857501e-13,,,
NOR2_X1,B_r_ZN_f,delay,1,2,3.000000e-11,1.200000e-14,6.828945e-11,P,vth,2,-4.893001e-12,,,
NOR2_X1,B_r_ZN_f,trans,1,2,3.000000e-11,1.200000e-14,6.517974e-11,N,u0,2,-2.327950e-11,,,
NOR2_X1,B_r_ZN_f,trans,1,2,3.000000e-11,1.200000e-14,6.517974e-11,N,vth,2,1.516480e-10,,,
NOR2_X1,B_r_ZN_f,trans,1,2,3.000000e-11,1.200000e-14,6.517974e-11,P,u0,2,5.000000e-16,,,
NOR2_X1,B_r_ZN_f,trans,1,2,3.000000e-11,1.200000e-14,6.517974e-11,P,vth,2,-5.000000e-15,,,
NOR2_X1,B_r_ZN_f,delay,2,0,8.000000e-11,1.000000e-15,4.340365e-11,N,u0,2,-1.141425e-11,,,
NOR2_X1,B_r_ZN_f,delay,2,0,8.000000e-11,1.000000e-15,4.340365e-11,N,vth,2,1.409580e-10,,,
NOR2_X1,B_r_ZN_f,delay,2,0,8.000000e-11,1.000000e-15,4.340365e-11,P,u0,2,1.006750e-12,,,
NOR2_X1,B_r_ZN_f,delay,2,0,8.000000e-11,1.000000e-15,4.340365e-11,P,vth,2,-6.257500e-12,,,
NOR2_X1,B_r_ZN_f,trans,2,0,8.000000e-11,1.000000e-15,2.594694e-11,N,u0,2,-3.677750e-12,,,
NOR2_X1,B_r_ZN_f,trans,2,0,8.000000e-11,1.000000e-15,2.594694e-11,N,vth,2,6.830500e-12,,,
NOR2_X1,B_r_ZN_f,trans,2,0,8.000000e-11,1.000000e-15,2.594694e-11,P,u0,2,8.340000e-13,,,
NOR2_X1,B_r_ZN_f,trans,2,0,8.000000e-11,1.000000e-15,2.594694e-11,P,vth,2,-4.502500e-12,,,
NOR2_X1,B_r_ZN_f,delay,2,1,8.000000e-11,4.000000e-15,5.819326e-11,N,u0,2,-1.338125e-11,,,
NOR2_X1,B_r_ZN_f,delay,2,1,8.000000e-11,4.000000e-15,5.819326e-11,N,vth,2,1.472950e-10,,,
NOR2_X1,B_r_ZN_f,delay,2,1,8.000000e-11,4.000000e-15,5.819326e-11,P,u0,2,1.147250e-12,,,
NOR2_X1,B_r_ZN_f,delay,2,1,8.000000e-11,4.000000e-15,5.819326e-11,P,vth,2,-3.458000e-12,,,
NOR2_X1,B_r_ZN_f,trans,2,1,8.000000e-11,4.000000e-15,3.582915e-11,N,u0,2,-6.190750e-12,,,
NOR2_X1,B_r_ZN_f,trans,2,1,8.000000e-11,4.000000e-15,3.582915e-11,N,vth,2,1.609750e-11,,,
NOR2_X1,B_r_ZN_f,trans,2,1,8.000000e-11,4.000000e-15,3.582915e-11,P,u0,2,8.467500e-13,,,
NOR2_X1,B_r_ZN_f,trans,2,1,8.000000e-11,4.000000e-15,3.582915e-11,P,vth,2,-2.465500e-12,,,
NOR2_X1,B_r_ZN_f,delay,2,2,8.000000e-11,1.200000e-14,8.748795e-11,N,u0,2,-2.105800e-11,,,
NOR2_X1,B_r_ZN_f,delay,2,2,8.000000e-11,1.200000e-14,8.748795e-11,N,vth,2,1.989805e-10,,,
NOR2_X1,B_r_ZN_f,delay,2,2,8.000000e-11,1.200000e-14,8.748795e-11,P,u0,2,1.070750e-12,,,
NOR2_X1,B_r_ZN_f,delay,2,2,8.000000e-11,1.200000e-14,8.748795e-11,P,vth,2,-3.488500e-12,,,
NOR2_X1,B_r_ZN_f,trans,2,2,8.000000e-11,1.200000e-14,6.636774e-11,N,u0,2,-2.092300e-11,,,
NOR2_X1,B_r_ZN_f,trans,2,2,8.000000e-11,1.200000e-14,6.636774e-11,N,vth,2,1.252875e-10,,,
NOR2_X1,B_r_ZN_f,trans,2,2,8.000000e-11,1.200000e-14,6.636774e-11,P,u0,2,2.582500e-13,,,
NOR2_X1,B_r_ZN_f,trans,2,2,8.000000e-11,1.200000e-14,6.636774e-11,P,vth,2,-8.365000e-13,,,
NOR2_X1,B_f_ZN_r,delay,0,0,1.000000e-11,1.000000e-15,2.487202e-11,N,u0,2,3.862500e-13,,,
NOR2_X1,B_f_ZN_r,delay,0,0,1.000000e-11,1.000000e-15,2.487202e-11,N,vth,2,-2.814000e-12,,,
NOR2_X1,B_f_ZN_r,delay,0,0,1.000000e-11,1.000000e-15,2.487202e-11,P,u0,2,-1.865000e-11,,,
NOR2_X1,B_f_ZN_r,delay,0,0,1.000000e-11,1.000000e-15,2.487202e-11,P,vth,2,8.372800e-11,,,
NOR2_X1,B_f_ZN_r,trans,0,0,1.000000e-11,1.000000e-15,2.720957e-11,N,u0,2,2.175000e-14,,,
NOR2_X1,B_f_ZN_r,trans,0,0,1.000000e-11,1.000000e-15,2.720957e-11,N,vth,2,-1.585000e-13,,,
NOR2_X1,B_f_ZN_r,trans,0,0,1.000000e-11,1.000000e-15,2.720957e-11,P,u0,2,-2.420525e-11,,,
NOR2_X1,B_f_ZN_r,trans,0,0,1.000000e-11,1.000000e-15,2.720957e-11,P,vth,2,7.812401e-11,,,
NOR2_X1,B_f_ZN_r,delay,0,1,1.000000e-11,4.000000e-15,4.007126e-11,N,u0,2,2.887500e-13,,,
NOR2_X1,B_f_ZN_r,delay,0,1,1.000000e-11,4.000000e-15,4.007126e-11,N,vth,2,-1.703500e-12,,,
NOR2_X1,B_f_ZN_r,delay,0,1,1.000000e-11,4.000000e-15,4.007126e-11,P,u0,2,-3.192425e-11,,,
NOR2_X1,B_f_ZN_r,delay,0,1,1.000000e-11,4.000000e-15,4.007126e-11,P,vth,2,1.384285e-10,,,
NOR2_X1,B_f_ZN_r,trans,0,1,1.000000e-11,4.000000e-15,4.808003e-11,N,u0,2,4.000000e-15,,,
NOR2_X1,B_f_ZN_r,trans,0,1,1.000000e-11,4.000000e-15,4.808003e-11,N,vth,2,-2.400000e-14,,,
NOR2_X1,B_f_ZN_r,trans,0,1,1.000000e-11,4.000000e-15,4.808003e-11,P,u0,2,-4.244500e-11,,,
NOR2_X1,B_f_ZN_r,trans,0,1,1.000000e-11,4.000000e-15,4.808003e-11,P,vth,2,1.444590e-10,,,
NOR2_X1,B_f_ZN_r,delay,0,2,1.000000e-11,1.200000e-14,7.980863e-11,N,u0,2,1.585000e-13,,,
NOR2_X1,B_f_ZN_r,delay,0,2,1.000000e-11,1.200000e-14,7.980863e-11,N,vth,2,-5.025001e-13,,,
NOR2_X1,B_f_ZN_r,delay,0,2,1.000000e-11,1.200000e-14,7.980863e-11,P,u0,2,-6.652225e-11,,,
NOR2_X1,B_f_ZN_r,delay,0,2,1.000000e-11,1.200000e-14,7.980863e-11,P,vth,2,2.810130e-10,,,
NOR2_X1,B_f_ZN_r,trans,0,2,1.000000e-11,1.200000e-14,1.029925e-10,N,u0,2,0.000000e+00,,,
NOR2_X1,B_f_ZN_r,trans,0,2,1.000000e-11,1.200000e-14,1.029925e-10,N,vth,2,-2.000000e-14,,,
NOR2_X1,B_f_ZN_r,trans,0,2,1.000000e-11,1.200000e-14,1.029925e-10,P,u0,2,-9.069501e-11,,,
NOR2_X1,B_f_ZN_r,trans,0,2,1.000000e-11,1.200000e-14,1.029925e-10,P,vth,2,3.215100e-10,,,
NOR2_X1,B_f_ZN_r,delay,1,0,3.000000e-11,1.000000e-15,3.163206e-11,N,u0,2,3.230000e-13,,,
NOR2_X1,B_f_ZN_r,delay,1,0,3.000000e-11,1.000000e-15,3.163206e-11,N,vth,2,-2.166500e-12,,,
NOR2_X1,B_f_ZN_r,delay,1,0,3.000000e-11,1.000000e-15,3.163206e-11,P,u0,2,-1.770875e-11,,,
NOR2_X1,B_f_ZN_r,delay,1,0,3.000000e-11,1.000000e-15,3.163206e-11,P,vth,2,9.146501e-11,,,
NOR2_X1,B_f_ZN_r,trans,1,0,3.000000e-11,1.000000e-15,2.773000e-11,N,u0,2,1.120000e-13,,,
NOR2_X1,B_f_ZN_r,trans,1,0,3.000000e-11,1.000000e-15,2.773000e-11,N,vth,2,-7.480000e-13,,,
NOR2_X1,B_f_ZN_r,trans,1,0,3.000000e-11,1.000000e-15,2.773000e-11,P,u0,2,-2.089600e-11,,,
NOR2_X1,B_f_ZN_r,trans,1,0,3.000000e-11,1.000000e-15,2.773000e-11,P,vth,2,5.793650e-11,,,
NOR2_X1,B_f_ZN_r,delay,1,1,3.000000e-11,4.000000e-15,4.671105e-11,N,u0,2,3.932501e-13,,,
NOR2_X1,B_f_ZN_r,delay,1,1,3.000000e-11,4.000000e-15,4.671105e-11,N,vth,2,-2.488500e-12,,,
NOR2_X1,B_f_ZN_r,delay,1,1,3.000000e-11,4.000000e-15,4.671105e-11,P,u0,2,-3.118925e-11,,,
NOR2_X1,B_f_ZN_r,delay,1,1,3.000000e-11,4.000000e-15,4.671105e-11,P,vth,2,1.481085e-10,,,
NOR2_X1,B_f_ZN_r,trans,1,1,3.000000e-11,4.000000e-15,4.786052e-11,N,u0,2,2.375000e-14,,,
NOR2_X1,B_f_ZN_r,trans,1,1,3.000000e-11,4.000000e-15,4.786052e-11,N,vth,2,-1.495000e-13,,,
NOR2_X1,B_f_ZN_r,trans,1,1,3.000000e-11,4.000000e-15,4.786052e-11,P,u0,2,-4.274300e-11,,,
NOR2_X1,B_f_ZN_r,trans,1,1,3.000000e-11,4.000000e-15,4.786052e-11,P,vth,2,1.469430e-10,,,
NOR2_X1,B_f_ZN_r,delay,1,2,3.000000e-11,1.200000e-14,8.659275e-11,N,u0,2,3.175000e-13,,,
NOR2_X1,B_f_ZN_r,delay,1,2,3.000000e-11,1.200000e-14,8.659275e-11,N,vth,2,-1.694500e-12,,,
NOR2_X1,B_f_ZN_r,delay,1,2,3.000000e-11,1.200000e-14,8.659275e-11,P,u0,2,-6.602726e-11,,,
NOR2_X1,B_f_ZN_r,delay,1,2,3.000000e-11,1.200000e-14,8.659275e-11,P,vth,2,2.921920e-10,,,
NOR2_X1,B_f_ZN_r,trans,1,2,3.000000e-11,1.200000e-14,1.029862e-10,N,u0,2,0.000000e+00,,,
NOR2_X1,B_f_ZN_r,trans,1,2,3.000000e-11,1.200000e-14,1.029862e-10,N,vth,2,-1.000000e-14,,,
NOR2_X1,B_f_ZN_r,trans,1,2,3.000000e-11,1.200000e-14,1.029862e-10,P,u0,2,-9.070502e-11,,,
NOR2_X1,B_f_ZN_r,trans,1,2,3.000000e-11,1.200000e-14,1.029862e-10,P,vth,2,3.216300e-10,,,
NOR2_X1,B_f_ZN_r,delay,2,0,8.000000e-11,1.000000e-15,4.734315e-11,N,u0,2,2.117499e-13,,,
NOR2_X1,B_f_ZN_r,delay,2,0,8.000000e-11,1.000000e-15,4.734315e-11,N,vth,2,-6.281998e-12,,,
NOR2_X1,B_f_ZN_r,delay,2,0,8.000000e-11,1.000000e-15,4.734315e-11,P,u0,2,-2.533149e-11,,,
NOR2_X1,B_f_ZN_r,delay,2,0,8.000000e-11,1.000000e-15,4.734315e-11,P,vth,2,1.720130e-10,,,
NOR2_X1,B_f_ZN_r,trans,2,0,8.000000e-11,1.000000e-15,3.903315e-11,N,u0,2,1.920000e-13,,,
NOR2_X1,B_f_ZN_r,trans,2,0,8.000000e-11,1.000000e-15,3.903315e-11,N,vth,2,-5.736000e-12,,,
NOR2_X1,B_f_ZN_r,trans,2,0,8.000000e-11,1.000000e-15,3.903315e-11,P,u0,2,-1.779400e-11,,,
NOR2_X1,B_f_ZN_r,trans,2,0,8.000000e-11,1.000000e-15,3.903315e-11,P,vth,2,2.964850e-11,,,
NOR2_X1,B_f_ZN_r,delay,2,1,8.000000e-11,4.000000e-15,6.528495e-11,N,u0,2,4.225001e-14,,,
NOR2_X1,B_f_ZN_r,delay,2,1,8.000000e-11,4.000000e-15,6.528495e-11,N,vth,2,-2.267501e-12,,,
NOR2_X1,B_f_ZN_r,delay,2,1,8.000000e-11,4.000000e-15,6.528495e-11,P,u0,2,-3.293476e-11,,,
NOR2_X1,B_f_ZN_r,delay,2,1,8.000000e-11,4.000000e-15,6.528495e-11,P,vth,2,1.898150e-10,,,
NOR2_X1,B_f_ZN_r,trans,2,1,8.000000e-11,4.000000e-15,5.406550e-11,N,u0,2,3.149999e-14,,,
NOR2_X1,B_f_ZN_r,trans,2,1,8.000000e-11,4.000000e-15,5.406550e-11,N,vth,2,-1.523500e-12,,,
NOR2_X1,B_f_ZN_r,trans,2,1,8.000000e-11,4.000000e-15,5.406550e-11,P,u0,2,-3.342449e-11,,,
NOR2_X1,B_f_ZN_r,trans,2,1,8.000000e-11,4.000000e-15,5.406550e-11,P,vth,2,8.450247e-11,,,
NOR2_X1,B_f_ZN_r,delay,2,2,8.000000e-11,1.200000e-14,1.047114e-10,N,u0,2,2.425000e-13,,,
NOR2_X1,B_f_ZN_r,delay,2,2,8.000000e-11,1.200000e-14,1.047114e-10,N,vth,2,-2.500000e-14,,,
NOR2_X1,B_f_ZN_r,delay,2,2,8.000000e-11,1.200000e-14,1.047114e-10,P,u0,2,-6.572000e-11,,,
NOR2_X1,B_f_ZN_r,delay,2,2,8.000000e-11,1.200000e-14,1.047114e-10,P,vth,2,3.240050e-10,,,
NOR2_X1,B_f_ZN_r,trans,2,2,8.000000e-11,1.200000e-14,1.032652e-10,N,u0,2,3.000000e-14,,,
NOR2_X1,B_f_ZN_r,trans,2,2,8.000000e-11,1.200000e-14,1.032652e-10,N,vth,2,-1.500000e-14,,,
NOR2_X1,B_f_ZN_r,trans,2,2,8.000000e-11,1.200000e-14,1.032652e-10,P,u0,2,-8.700749e-11,,,
NOR2_X1,B_f_ZN_r,trans,2,2,8.000000e-11,1.200000e-14,1.032652e-10,P,vth,2,2.997300e-10,,,
