cell,arc,meas,slew_idx,load_idx,slew,load,v0,sigma_local,sigma_local_rel,sigma_vth,sigma_u0
INV_X1,A_r_ZN_f,delay,0,0,1.000000e-11,1.000000e-15,1.470415e-11,8.186785e-13,5.567669e-02,7.101051e-13,4.074128e-13
INV_X1,A_r_ZN_f,trans,0,0,1.000000e-11,1.000000e-15,1.029284e-11,6.365225e-13,6.184129e-02,5.044043e-13,3.882488e-13
INV_X1,A_r_ZN_f,delay,0,1,1.000000e-11,4.000000e-15,2.540853e-11,1.488633e-12,5.858792e-02,1.267667e-12,7.804160e-13
INV_X1,A_r_ZN_f,trans,0,1,1.000000e-11,4.000000e-15,2.389741e-11,1.477002e-12,6.180595e-02,1.171360e-12,8.996947e-13
INV_X1,A_r_ZN_f,delay,0,2,1.000000e-11,1.200000e-14,5.328358e-11,3.219906e-12,6.042962e-02,2.703844e-12,1.748435e-12
INV_X1,A_r_ZN_f,trans,0,2,1.000000e-11,1.200000e-14,6.017713e-11,3.720788e-12,6.183060e-02,2.951301e-12,2.265852e-12
INV_X1,A_r_ZN_f,delay,1,0,3.000000e-11,1.000000e-15,2.202089e-11,1.315238e-12,5.972685e-02,1.196592e-12,5.459117e-13
INV_X1,A_r_ZN_f,trans,1,0,3.000000e-11,1.000000e-15,1.285186e-11,2.305419e-13,1.793841e-02,7.559181e-14,2.177968e-13
INV_X1,A_r_ZN_f,delay,1,1,3.000000e-11,4.000000e-15,3.306038e-11,1.798505e-12,5.440063e-02,1.588758e-12,8.428943e-13
INV_X1,A_r_ZN_f,trans,1,1,3.000000e-11,4.000000e-15,2.431095e-11,1.252625e-12,5.152512e-02,9.595949e-13,8.051374e-13
INV_X1,A_r_ZN_f,delay,1,2,3.000000e-11,1.200000e-14,6.106910e-11,3.547248e-12,5.808581e-02,3.044774e-12,1.819978e-12
INV_X1,A_r_ZN_f,trans,1,2,3.000000e-11,1.200000e-14,6.017707e-11,3.720731e-12,6.182972e-02,2.951290e-12,2.265773e-12
INV_X1,A_r_ZN_f,delay,2,0,8.000000e-11,1.000000e-15,3.355257e-11,3.157411e-12,9.410339e-02,2.968180e-12,1.076639e-12
INV_X1,A_r_ZN_f,trans,2,0,8.000000e-11,1.000000e-15,2.282545e-11,3.511749e-13,1.538523e-02,1.367384e-13,3.234601e-13
INV_X1,A_r_ZN_f,delay,2,1,8.000000e-11,4.000000e-15,5.076944e-11,3.379475e-12,6.656513e-02,3.111076e-12,1.319869e-12
INV_X1,A_r_ZN_f,trans,2,1,8.000000e-11,4.000000e-15,3.375328e-11,5.323800e-13,1.577269e-02,1.260587e-13,5.172404e-13
INV_X1,A_r_ZN_f,delay,2,2,8.000000e-11,1.200000e-14,8.083652e-11,4.368144e-12,5.403677e-02,3.884975e-12,1.996912e-12
INV_X1,A_r_ZN_f,trans,2,2,8.000000e-11,1.200000e-14,6.245970e-11,2.955889e-12,4.732474e-02,2.221637e-12,1.949772e-12
INV_X1,A_f_ZN_r,delay,0,0,1.000000e-11,1.000000e-15,1.806795e-11,9.647355e-13,5.339485e-02,6.736625e-13,6.905748e-13
INV_X1,A_f_ZN_r,trans,0,0,1.000000e-11,1.000000e-15,1.611505e-11,1.036581e-12,6.432380e-02,6.341122e-13,8.200015e-13
INV_X1,A_f_ZN_r,delay,0,1,1.000000e-11,4.000000e-15,3.279435e-11,1.936041e-12,5.903580e-02,1.313746e-12,1.422085e-12
INV_X1,A_f_ZN_r,trans,0,1,1.000000e-11,4.000000e-15,3.661626e-11,2.359805e-12,6.444690e-02,1.449508e-12,1.862150e-12
INV_X1,A_f_ZN_r,delay,0,2,1.000000e-11,1.200000e-14,7.137842e-11,4.475255e-12,6.269759e-02,2.985161e-12,3.334174e-12
INV_X1,A_f_ZN_r,trans,0,2,1.000000e-11,1.200000e-14,9.128664e-11,5.889011e-12,6.451120e-02,3.623604e-12,4.642192e-12
INV_X1,A_f_ZN_r,delay,1,0,3.000000e-11,1.000000e-15,2.638431e-11,1.075230e-12,4.075262e-02,8.296621e-13,6.839445e-13
INV_X1,A_f_ZN_r,trans,1,0,3.000000e-11,1.000000e-15,1.816676e-11,7.003687e-13,3.855220e-02,3.296370e-13,6.179447e-13
INV_X1,A_f_ZN_r,delay,1,1,3.000000e-11,4.000000e-15,4.095798e-11,2.049226e-12,5.003240e-02,1.479930e-12,1.417439e-12
INV_X1,A_f_ZN_r,trans,1,1,3.000000e-11,4.000000e-15,3.661625e-11,2.336599e-12,6.381317e-02,1.418413e-12,1.856825e-12
INV_X1,A_f_ZN_r,delay,1,2,3.000000e-11,1.200000e-14,7.961634e-11,4.600638e-12,5.778509e-02,3.165159e-12,3.338807e-12
INV_X1,A_f_ZN_r,trans,1,2,3.000000e-11,1.200000e-14,9.128658e-11,5.888943e-12,6.451050e-02,3.623610e-12,4.642101e-12
INV_X1,A_f_ZN_r,delay,2,0,8.000000e-11,1.000000e-15,4.194191e-11,2.363523e-12,5.635229e-02,2.023143e-12,1.221938e-12
INV_X1,A_f_ZN_r,trans,2,0,8.000000e-11,1.000000e-15,3.004457e-11,7.184313e-13,2.391219e-02,2.960872e-13,6.545807e-13
INV_X1,A_f_ZN_r,delay,2,1,8.000000e-11,4.000000e-15,6.199059e-11,2.712466e-12,4.375608e-02,2.168026e-12,1.630071e-12
INV_X1,A_f_ZN_r,trans,2,1,8.000000e-11,4.000000e-15,4.426741e-11,1.484412e-12,3.353283e-02,6.458376e-13,1.336552e-12
INV_X1,A_f_ZN_r,delay,2,2,8.000000e-11,1.200000e-14,1.006885e-10,4.933171e-12,4.899439e-02,3.610921e-12,3.361165e-12
INV_X1,A_f_ZN_r,trans,2,2,8.000000e-11,1.200000e-14,9.181450e-11,5.539395e-12,6.033247e-02,3.331796e-12,4.425386e-12
NAND2_X1,A_r_ZN_f,delay,0,0,1.000000e-11,1.000000e-15,1.674115e-11,6.347591e-13,3.791610e-02,5.517770e-13,3.137854e-13
NAND2_X1,A_r_ZN_f,trans,0,0,1.000000e-11,1.000000e-15,1.379447e-11,4.963203e-13,3.597966e-02,3.714100e-13,3.292240e-13
NAND2_X1,A_r_ZN_f,delay,0,1,1.000000e-11,4.000000e-15,2.582710e-11,9.945432e-13,3.850774e-02,8.481139e-13,5.194411e-13
NAND2_X1,A_r_ZN_f,trans,0,1,1.000000e-11,4.000000e-15,2.556354e-11,9.351754e-13,3.658239e-02,7.115574e-13,6.068271e-13
NAND2_X1,A_r_ZN_f,delay,0,2,1.000000e-11,1.200000e-14,4.971340e-11,1.941761e-12,3.905911e-02,1.625188e-12,1.062638e-12
NAND2_X1,A_r_ZN_f,trans,0,2,1.000000e-11,1.200000e-14,5.688010e-11,2.109783e-12,3.709176e-02,1.624019e-12,1.346754e-12
NAND2_X1,A_r_ZN_f,delay,1,0,3.000000e-11,1.000000e-15,2.374415e-11,9.246398e-13,3.894179e-02,8.472991e-13,3.701931e-13
NAND2_X1,A_r_ZN_f,trans,1,0,3.000000e-11,1.000000e-15,1.577633e-11,2.810595e-13,1.781527e-02,1.533030e-13,2.355687e-13
NAND2_X1,A_r_ZN_f,delay,1,1,3.000000e-11,4.000000e-15,3.291998e-11,1.214147e-12,3.688176e-02,1.084167e-12,5.465658e-13
NAND2_X1,A_r_ZN_f,trans,1,1,3.000000e-11,4.000000e-15,2.601027e-11,7.947145e-13,3.055387e-02,5.752834e-13,5.482883e-13
NAND2_X1,A_r_ZN_f,delay,1,2,3.000000e-11,1.200000e-14,5.689694e-11,2.161725e-12,3.799370e-02,1.866632e-12,1.090294e-12
NAND2_X1,A_r_ZN_f,trans,1,2,3.000000e-11,1.200000e-14,5.687999e-11,2.109859e-12,3.709317e-02,1.624064e-12,1.346819e-12
NAND2_X1,A_r_ZN_f,delay,2,0,8.000000e-11,1.000000e-15,3.500935e-11,2.215162e-12,6.327343e-02,2.099783e-12,7.055868e-13
NAND2_X1,A_r_ZN_f,trans,2,0,8.000000e-11,1.000000e-15,2.581075e-11,2.958861e-13,1.146368e-02,1.443960e-13,2.582603e-13
NAND2_X1,A_r_ZN_f,delay,2,1,8.000000e-11,4.000000e-15,4.898940e-11,2.321427e-12,4.738632e-02,2.168260e-12,8.292607e-13
NAND2_X1,A_r_ZN_f,trans,2,1,8.000000e-11,4.000000e-15,3.549512e-11,4.772700e-13,1.344607e-02,2.330364e-13,4.165102e-13
NAND2_X1,A_r_ZN_f,delay,2,2,8.000000e-11,1.200000e-14,7.518977e-11,2.740152e-12,3.644314e-02,2.477989e-12,1.169616e-12
NAND2_X1,A_r_ZN_f,trans,2,2,8.000000e-11,1.200000e-14,6.013124e-11,1.585761e-12,2.637167e-02,1.107702e-12,1.134740e-12
NAND2_X1,A_f_ZN_r,delay,0,0,1.000000e-11,1.000000e-15,2.434389e-11,1.374671e-12,5.646882e-02,9.429358e-13,1.000296e-12
NAND2_X1,A_f_ZN_r,trans,0,0,1.000000e-11,1.000000e-15,2.369471e-11,1.525636e-12,6.438718e-02,9.349512e-13,1.205583e-12
NAND2_X1,A_f_ZN_r,delay,0,1,1.000000e-11,4.000000e-15,3.927560e-11,2.360568e-12,6.010265e-02,1.592898e-12,1.742112e-12
NAND2_X1,A_f_ZN_r,trans,0,1,1.000000e-11,4.000000e-15,4.419603e-11,2.848851e-12,6.445943e-02,1.750173e-12,2.247853e-12
NAND2_X1,A_f_ZN_r,delay,0,2,1.000000e-11,1.200000e-14,7.810387e-11,4.916683e-12,6.295056e-02,3.275708e-12,3.666539e-12
NAND2_X1,A_f_ZN_r,trans,0,2,1.000000e-11,1.200000e-14,9.886646e-11,6.378034e-12,6.451161e-02,3.924329e-12,5.027819e-12
NAND2_X1,A_f_ZN_r,delay,1,0,3.000000e-11,1.000000e-15,3.224924e-11,1.452165e-12,4.502942e-02,1.077078e-12,9.740042e-13
NAND2_X1,A_f_ZN_r,trans,1,0,3.000000e-11,1.000000e-15,2.436131e-11,1.281738e-12,5.261366e-02,7.281614e-13,1.054814e-12
NAND2_X1,A_f_ZN_r,delay,1,1,3.000000e-11,4.000000e-15,4.704226e-11,2.441000e-12,5.188952e-02,1.735759e-12,1.716282e-12
NAND2_X1,A_f_ZN_r,trans,1,1,3.000000e-11,4.000000e-15,4.419594e-11,2.848823e-12,6.445894e-02,1.750207e-12,2.247792e-12
NAND2_X1,A_f_ZN_r,delay,1,2,3.000000e-11,1.200000e-14,8.603645e-11,5.018178e-12,5.832619e-02,3.438552e-12,3.654925e-12
NAND2_X1,A_f_ZN_r,trans,1,2,3.000000e-11,1.200000e-14,9.886646e-11,6.377946e-12,6.451072e-02,3.924322e-12,5.027713e-12
NAND2_X1,A_f_ZN_r,delay,2,0,8.000000e-11,1.000000e-15,5.118165e-11,2.477282e-12,4.840176e-02,2.046259e-12,1.396334e-12
NAND2_X1,A_f_ZN_r,trans,2,0,8.000000e-11,1.000000e-15,3.515976e-11,7.241111e-13,2.059488e-02,2.124260e-13,6.922515e-13
NAND2_X1,A_f_ZN_r,delay,2,1,8.000000e-11,4.000000e-15,6.823589e-11,2.748028e-12,4.027247e-02,2.140338e-12,1.723545e-12
NAND2_X1,A_f_ZN_r,trans,2,1,8.000000e-11,4.000000e-15,4.973381e-11,2.033250e-12,4.088266e-02,1.026966e-12,1.754835e-12
NAND2_X1,A_f_ZN_r,delay,2,2,8.000000e-11,1.200000e-14,1.067708e-10,5.310948e-12,4.974158e-02,3.852604e-12,3.655628e-12
NAND2_X1,A_f_ZN_r,trans,2,2,8.000000e-11,1.200000e-14,9.904296e-11,6.150363e-12,6.209793e-02,3.736987e-12,4.884864e-12
NAND2_X1,B_r_ZN_f,delay,0,0,1.000000e-11,1.000000e-15,2.024899e-11,7.108412e-13,3.510502e-02,5.931739e-13,3.917141e-13
NAND2_X1,B_r_ZN_f,trans,0,0,1.000000e-11,1.000000e-15,1.380378e-11,4.941640e-13,3.579918e-02,3.693264e-13,3.283230e-13
NAND2_X1,B_r_ZN_f,delay,0,1,1.000000e-11,4.000000e-15,2.931109e-11,1.048025e-12,3.575523e-02,8.624664e-13,5.954054e-13
NAND2_X1,B_r_ZN_f,trans,0,1,1.000000e-11,4.000000e-15,2.556396e-11,9.350266e-13,3.657597e-02,7.114067e-13,6.067744e-13
NAND2_X1,B_r_ZN_f,delay,0,2,1.000000e-11,1.200000e-14,5.317776e-11,1.975026e-12,3.714007e-02,1.615025e-12,1.136846e-12
NAND2_X1,B_r_ZN_f,trans,0,2,1.000000e-11,1.200000e-14,5.688009e-11,2.109735e-12,3.709092e-02,1.623999e-12,1.346702e-12
NAND2_X1,B_r_ZN_f,delay,1,0,3.000000e-11,1.000000e-15,2.633793e-11,1.074750e-12,4.080615e-02,9.621742e-13,4.788607e-13
NAND2_X1,B_r_ZN_f,trans,1,0,3.000000e-11,1.000000e-15,1.442010e-11,4.169532e-13,2.891472e-02,3.006470e-13,2.888967e-13
NAND2_X1,B_r_ZN_f,delay,1,1,3.000000e-11,4.000000e-15,3.552234e-11,1.345525e-12,3.787826e-02,1.166168e-12,6.711844e-13
NAND2_X1,B_r_ZN_f,trans,1,1,3.000000e-11,4.000000e-15,2.568752e-11,8.859453e-13,3.448933e-02,6.694647e-13,5.802724e-13
NAND2_X1,B_r_ZN_f,delay,1,2,3.000000e-11,1.200000e-14,5.951652e-11,2.198872e-12,3.694557e-02,1.839204e-12,1.205142e-12
NAND2_X1,B_r_ZN_f,trans,1,2,3.000000e-11,1.200000e-14,5.688009e-11,2.109766e-12,3.709146e-02,1.623952e-12,1.346808e-12
NAND2_X1,B_r_ZN_f,delay,2,0,8.000000e-11,1.000000e-15,3.729160e-11,2.429227e-12,6.514140e-02,2.289389e-12,8.123071e-13
NAND2_X1,B_r_ZN_f,trans,2,0,8.000000e-11,1.000000e-15,1.989446e-11,2.644157e-13,1.329092e-02,8.342717e-14,2.509095e-13
NAND2_X1,B_r_ZN_f,delay,2,1,8.000000e-11,4.000000e-15,4.877420e-11,2.528660e-12,5.184420e-02,2.337195e-12,9.652149e-13
NAND2_X1,B_r_ZN_f,trans,2,1,8.000000e-11,4.000000e-15,3.025369e-11,6.587810e-13,2.177523e-02,4.405852e-13,4.897725e-13
NAND2_X1,B_r_ZN_f,delay,2,2,8.000000e-11,1.200000e-14,7.420764e-11,2.947873e-12,3.972466e-02,2.608998e-12,1.372255e-12
NAND2_X1,B_r_ZN_f,trans,2,2,8.000000e-11,1.200000e-14,5.848897e-11,1.920081e-12,3.282808e-02,1.454570e-12,1.253370e-12
NAND2_X1,B_f_ZN_r,delay,0,0,1.000000e-11,1.000000e-15,3.113188e-11,1.876384e-12,6.027210e-02,1.278688e-12,1.373234e-12
NAND2_X1,B_f_ZN_r,trans,0,0,1.000000e-11,1.000000e-15,2.936454e-11,1.912936e-12,6.514441e-02,1.188342e-12,1.499056e-12
NAND2_X1,B_f_ZN_r,delay,0,1,1.000000e-11,4.000000e-15,4.599767e-11,2.842238e-12,6.179090e-02,1.913033e-12,2.102051e-12
NAND2_X1,B_f_ZN_r,trans,0,1,1.000000e-11,4.000000e-15,5.001982e-11,3.250104e-12,6.497632e-02,2.009898e-12,2.554111e-12
NAND2_X1,B_f_ZN_r,delay,0,2,1.000000e-11,1.200000e-14,8.482868e-11,5.385046e-12,6.348143e-02,3.585210e-12,4.018083e-12
NAND2_X1,B_f_ZN_r,trans,0,2,1.000000e-11,1.200000e-14,1.049435e-10,6.799148e-12,6.478865e-02,4.194460e-12,5.351160e-12
NAND2_X1,B_f_ZN_r,delay,1,0,3.000000e-11,1.000000e-15,3.913311e-11,1.972302e-12,5.039983e-02,1.430231e-12,1.358093e-12
NAND2_X1,B_f_ZN_r,trans,1,0,3.000000e-11,1.000000e-15,2.934020e-11,1.884592e-12,6.423242e-02,1.158490e-12,1.486468e-12
NAND2_X1,B_f_ZN_r,delay,1,1,3.000000e-11,4.000000e-15,5.401635e-11,2.945997e-12,5.453898e-02,2.074344e-12,2.091887e-12
NAND2_X1,B_f_ZN_r,trans,1,1,3.000000e-11,4.000000e-15,5.001985e-11,3.250133e-12,6.497687e-02,2.009907e-12,2.554141e-12
NAND2_X1,B_f_ZN_r,delay,1,2,3.000000e-11,1.200000e-14,9.296448e-11,5.502545e-12,5.918976e-02,3.759939e-12,4.017569e-12
NAND2_X1,B_f_ZN_r,trans,1,2,3.000000e-11,1.200000e-14,1.049435e-10,6.799267e-12,6.478979e-02,4.194460e-12,5.351312e-12
NAND2_X1,B_f_ZN_r,delay,2,0,8.000000e-11,1.000000e-15,6.014478e-11,2.671854e-12,4.442371e-02,2.138786e-12,1.601374e-12
NAND2_X1,B_f_ZN_r,trans,2,0,8.000000e-11,1.000000e-15,3.691215e-11,1.077906e-12,2.920192e-02,4.412657e-13,9.834456e-13
NAND2_X1,B_f_ZN_r,delay,2,1,8.000000e-11,4.000000e-15,7.528683e-11,3.260533e-12,4.330815e-02,2.488412e-12,2.106866e-12
NAND2_X1,B_f_ZN_r,trans,2,1,8.000000e-11,4.000000e-15,5.353000e-11,2.529129e-12,4.724695e-02,1.385689e-12,2.115741e-12
NAND2_X1,B_f_ZN_r,delay,2,2,8.000000e-11,1.200000e-14,1.139782e-10,5.819479e-12,5.105783e-02,4.193323e-12,4.035143e-12
NAND2_X1,B_f_ZN_r,trans,2,2,8.000000e-11,1.200000e-14,1.049473e-10,6.754995e-12,6.436559e-02,4.148053e-12,5.331380e-12
NOR2_X1,A_r_ZN_f,delay,0,0,1.000000e-11,1.000000e-15,3.149759e-11,2.101922e-12,6.673277e-02,1.775471e-12,1.125067e-12
NOR2_X1,A_r_ZN_f,trans,0,0,1.000000e-11,1.000000e-15,2.592475e-11,1.599206e-12,6.168645e-02,1.270011e-12,9.718693e-13
NOR2_X1,A_r_ZN_f,delay,0,1,1.000000e-11,4.000000e-15,4.314472e-11,2.771512e-12,6.423757e-02,2.331922e-12,1.497804e-12
NOR2_X1,A_r_ZN_f,trans,0,1,1.000000e-11,4.000000e-15,3.980905e-11,2.458139e-12,6.174826e-02,1.954405e-12,1.490890e-12
NOR2_X1,A_r_ZN_f,delay,0,2,1.000000e-11,1.200000e-14,7.231605e-11,4.523483e-12,6.255157e-02,3.785002e-12,2.477026e-12
NOR2_X1,A_r_ZN_f,trans,0,2,1.000000e-11,1.200000e-14,7.633279e-11,4.730627e-12,6.197372e-02,3.760790e-12,2.869720e-12
NOR2_X1,A_r_ZN_f,delay,1,0,3.000000e-11,1.000000e-15,3.872590e-11,2.381945e-12,6.150781e-02,2.073725e-12,1.171890e-12
NOR2_X1,A_r_ZN_f,trans,1,0,3.000000e-11,1.000000e-15,2.570503e-11,1.652423e-12,6.428405e-02,1.315447e-12,1.000051e-12
NOR2_X1,A_r_ZN_f,delay,1,1,3.000000e-11,4.000000e-15,5.046492e-11,3.067935e-12,6.079342e-02,2.645874e-12,1.552924e-12
NOR2_X1,A_r_ZN_f,trans,1,1,3.000000e-11,4.000000e-15,3.977259e-11,2.473476e-12,6.219048e-02,1.967547e-12,1.498948e-12
NOR2_X1,A_r_ZN_f,delay,1,2,3.000000e-11,1.200000e-14,7.975798e-11,4.831703e-12,6.057955e-02,4.111262e-12,2.538282e-12
NOR2_X1,A_r_ZN_f,trans,1,2,3.000000e-11,1.200000e-14,7.633325e-11,4.730344e-12,6.196964e-02,3.760534e-12,2.869589e-12
NOR2_X1,A_r_ZN_f,delay,2,0,8.000000e-11,1.000000e-15,5.806978e-11,3.514886e-12,6.052867e-02,3.191085e-12,1.473567e-12
NOR2_X1,A_r_ZN_f,trans,2,0,8.000000e-11,1.000000e-15,3.141575e-11,5.775329e-13,1.838355e-02,2.406881e-13,5.249890e-13
NOR2_X1,A_r_ZN_f,delay,2,1,8.000000e-11,4.000000e-15,6.998708e-11,3.791551e-12,5.417501e-02,3.396612e-12,1.684899e-12
NOR2_X1,A_r_ZN_f,trans,2,1,8.000000e-11,4.000000e-15,4.286432e-11,1.581959e-12,3.690619e-02,1.107301e-12,1.129813e-12
NOR2_X1,A_r_ZN_f,delay,2,2,8.000000e-11,1.200000e-14,9.923010e-11,5.634223e-12,5.677938e-02,4.940449e-12,2.708586e-12
NOR2_X1,A_r_ZN_f,trans,2,2,8.000000e-11,1.200000e-14,7.663387e-11,4.414419e-12,5.760402e-02,3.464584e-12,2.735646e-12
NOR2_X1,A_f_ZN_r,delay,0,0,1.000000e-11,1.000000e-15,3.803910e-11,1.266911e-12,3.330548e-02,8.628788e-13,9.276328e-13
NOR2_X1,A_f_ZN_r,trans,0,0,1.000000e-11,1.000000e-15,2.779281e-11,9.236614e-13,3.323383e-02,5.147801e-13,7.669106e-13
NOR2_X1,A_f_ZN_r,delay,0,1,1.000000e-11,4.000000e-15,5.301202e-11,1.782189e-12,3.361859e-02,1.199582e-12,1.318030e-12
NOR2_X1,A_f_ZN_r,trans,0,1,1.000000e-11,4.000000e-15,4.822424e-11,1.625998e-12,3.371745e-02,9.644227e-13,1.309106e-12
NOR2_X1,A_f_ZN_r,delay,0,2,1.000000e-11,1.200000e-14,9.254405e-11,3.190627e-12,3.447684e-02,2.146989e-12,2.360198e-12
NOR2_X1,A_f_ZN_r,trans,0,2,1.000000e-11,1.200000e-14,1.029966e-10,3.525839e-12,3.423258e-02,2.178798e-12,2.772072e-12
NOR2_X1,A_f_ZN_r,delay,1,0,3.000000e-11,1.000000e-15,4.639541e-11,1.385014e-12,2.985239e-02,1.008565e-12,9.492416e-13
NOR2_X1,A_f_ZN_r,trans,1,0,3.000000e-11,1.000000e-15,2.783626e-11,9.181103e-13,3.298253e-02,5.089211e-13,7.641505e-13
NOR2_X1,A_f_ZN_r,delay,1,1,3.000000e-11,4.000000e-15,6.139926e-11,1.888567e-12,3.075879e-02,1.331697e-12,1.339130e-12
NOR2_X1,A_f_ZN_r,trans,1,1,3.000000e-11,4.000000e-15,4.823356e-11,1.624753e-12,3.368512e-02,9.630150e-13,1.308596e-12
NOR2_X1,A_f_ZN_r,delay,1,2,3.000000e-11,1.200000e-14,1.010090e-10,3.284369e-12,3.251561e-02,2.261084e-12,2.382138e-12
NOR2_X1,A_f_ZN_r,trans,1,2,3.000000e-11,1.200000e-14,1.029969e-10,3.525935e-12,3.423341e-02,2.178760e-12,2.772223e-12
NOR2_X1,A_f_ZN_r,delay,2,0,8.000000e-11,1.000000e-15,6.408094e-11,2.152142e-12,3.358474e-02,1.774676e-12,1.217473e-12
NOR2_X1,A_f_ZN_r,trans,2,0,8.000000e-11,1.000000e-15,3.074638e-11,6.610458e-13,2.149996e-02,2.640827e-13,6.060049e-13
NOR2_X1,A_f_ZN_r,delay,2,1,8.000000e-11,4.000000e-15,7.960520e-11,2.426819e-12,3.048569e-02,1.903820e-12,1.504965e-12
NOR2_X1,A_f_ZN_r,trans,2,1,8.000000e-11,4.000000e-15,4.959544e-11,1.430197e-12,2.883726e-02,7.936732e-13,1.189767e-12
NOR2_X1,A_f_ZN_r,delay,2,2,8.000000e-11,1.200000e-14,1.192264e-10,3.727970e-12,3.126799e-02,2.738676e-12,2.529310e-12
NOR2_X1,A_f_ZN_r,trans,2,2,8.000000e-11,1.200000e-14,1.030514e-10,3.507285e-12,3.403433e-02,2.162676e-12,2.761138e-12
NOR2_X1,B_r_ZN_f,delay,0,0,1.000000e-11,1.000000e-15,2.136927e-11,1.218125e-12,5.700361e-02,1.040612e-12,6.332111e-13
NOR2_X1,B_r_ZN_f,trans,0,0,1.000000e-11,1.000000e-15,1.529535e-11,9.450090e-13,6.178407e-02,7.495546e-13,5.755084e-13
NOR2_X1,B_r_ZN_f,delay,0,1,1.000000e-11,4.000000e-15,3.241590e-11,1.914883e-12,5.907235e-02,1.620738e-12,1.019797e-12
NOR2_X1,B_r_ZN_f,trans,0,1,1.000000e-11,4.000000e-15,2.890006e-11,1.786561e-12,6.181859e-02,1.417154e-12,1.087877e-12
NOR2_X1,B_r_ZN_f,delay,0,2,1.000000e-11,1.200000e-14,6.061591e-11,3.669263e-12,6.053300e-02,3.076397e-12,1.999817e-12
NOR2_X1,B_r_ZN_f,trans,0,2,1.000000e-11,1.200000e-14,6.517973e-11,4.030174e-12,6.183171e-02,3.196978e-12,2.453902e-12
NOR2_X1,B_r_ZN_f,delay,1,0,3.000000e-11,1.000000e-15,2.849951e-11,1.461579e-12,5.128435e-02,1.299660e-12,6.686532e-13
NOR2_X1,B_r_ZN_f,trans,1,0,3.000000e-11,1.000000e-15,1.602223e-11,6.579743e-13,4.106634e-02,4.763386e-13,4.539072e-13
NOR2_X1,B_r_ZN_f,delay,1,1,3.000000e-11,4.000000e-15,3.969212e-11,2.186937e-12,5.509752e-02,1.908968e-12,1.067021e-12
NOR2_X1,B_r_ZN_f,trans,1,1,3.000000e-11,4.000000e-15,2.889999e-11,1.786351e-12,6.181147e-02,1.417111e-12,1.087587e-12
NOR2_X1,B_r_ZN_f,delay,1,2,3.000000e-11,1.200000e-14,6.828945e-11,3.983782e-12,5.833671e-02,3.405836e-12,2.066591e-12
NOR2_X1,B_r_ZN_f,trans,1,2,3.000000e-11,1.200000e-14,6.517974e-11,4.030150e-12,6.183133e-02,3.196968e-12,2.453876e-12
NOR2_X1,B_r_ZN_f,delay,2,0,8.000000e-11,1.000000e-15,4.340365e-11,3.206391e-12,7.387377e-02,2.971927e-12,1.203574e-12
NOR2_X1,B_r_ZN_f,trans,2,0,8.000000e-11,1.000000e-15,2.594694e-11,4.156577e-13,1.601953e-02,1.476631e-13,3.885446e-13
NOR2_X1,B_r_ZN_f,delay,2,1,8.000000e-11,4.000000e-15,5.819326e-11,3.410737e-12,5.861052e-02,3.105222e-12,1.410931e-12
NOR2_X1,B_r_ZN_f,trans,2,1,8.000000e-11,4.000000e-15,3.582915e-11,7.361654e-13,2.054655e-02,3.397244e-13,6.530902e-13
NOR2_X1,B_r_ZN_f,delay,2,2,8.000000e-11,1.200000e-14,8.748795e-11,4.745989e-12,5.424734e-02,4.194784e-12,2.219955e-12
NOR2_X1,B_r_ZN_f,trans,2,2,8.000000e-11,1.200000e-14,6.636774e-11,3.441010e-12,5.184763e-02,2.641277e-12,2.205495e-12
NOR2_X1,B_f_ZN_r,delay,0,0,1.000000e-11,1.000000e-15,2.487202e-11,8.527154e-13,3.428412e-02,6.261331e-13,5.788617e-13
NOR2_X1,B_f_ZN_r,trans,0,0,1.000000e-11,1.000000e-15,2.720957e-11,9.153126e-13,3.363936e-02,5.230680e-13,7.511305e-13
NOR2_X1,B_f_ZN_r,delay,0,1,1.000000e-11,4.000000e-15,4.007126e-11,1.395554e-12,3.482681e-02,9.987257e-13,9.747401e-13
NOR2_X1,B_f_ZN_r,trans,0,1,1.000000e-11,4.000000e-15,4.808003e-11,1.626896e-12,3.383725e-02,9.700775e-13,1.306040e-12
NOR2_X1,B_f_ZN_r,delay,0,2,1.000000e-11,1.200000e-14,7.980863e-11,2.833337e-12,3.550163e-02,1.982412e-12,2.024313e-12
NOR2_X1,B_f_ZN_r,trans,0,2,1.000000e-11,1.200000e-14,1.029925e-10,3.526127e-12,3.423673e-02,2.179212e-12,2.772112e-12
NOR2_X1,B_f_ZN_r,delay,1,0,3.000000e-11,1.000000e-15,3.163206e-11,9.107475e-13,2.879191e-02,7.188264e-13,5.592402e-13
NOR2_X1,B_f_ZN_r,trans,1,0,3.000000e-11,1.000000e-15,2.773000e-11,7.631924e-13,2.752227e-02,3.965276e-13,6.520955e-13
NOR2_X1,B_f_ZN_r,delay,1,1,3.000000e-11,4.000000e-15,4.671105e-11,1.462858e-12,3.131717e-02,1.105688e-12,9.578137e-13
NOR2_X1,B_f_ZN_r,trans,1,1,3.000000e-11,4.000000e-15,4.786052e-11,1.642786e-12,3.432445e-02,9.889215e-13,1.311785e-12
NOR2_X1,B_f_ZN_r,delay,1,2,3.000000e-11,1.200000e-14,8.659275e-11,2.902541e-12,3.351944e-02,2.094187e-12,2.009757e-12
NOR2_X1,B_f_ZN_r,trans,1,2,3.000000e-11,1.200000e-14,1.029862e-10,3.526908e-12,3.424641e-02,2.180163e-12,2.772357e-12
NOR2_X1,B_f_ZN_r,delay,2,0,8.000000e-11,1.000000e-15,4.734315e-11,1.659381e-12,3.505009e-02,1.445119e-12,8.155845e-13
NOR2_X1,B_f_ZN_r,trans,2,0,8.000000e-11,1.000000e-15,3.903315e-11,6.283555e-13,1.609800e-02,2.983408e-13,5.530131e-13
NOR2_X1,B_f_ZN_r,delay,2,1,8.000000e-11,4.000000e-15,6.528495e-11,1.830246e-12,2.803472e-02,1.513390e-12,1.029296e-12
NOR2_X1,B_f_ZN_r,trans,2,1,8.000000e-11,4.000000e-15,5.406550e-11,1.189278e-12,2.199699e-02,5.869053e-13,1.034372e-12
NOR2_X1,B_f_ZN_r,delay,2,2,8.000000e-11,1.200000e-14,1.047114e-10,3.137729e-12,2.996550e-02,2.412773e-12,2.005960e-12
NOR2_X1,B_f_ZN_r,trans,2,2,8.000000e-11,1.200000e-14,1.032652e-10,3.342516e-12,3.236827e-02,2.023936e-12,2.660093e-12
