cell,arc,meas,slew_idx,load_idx,slew,load,v0
INV_X1,A_r_ZN_f,delay,0,0,1.000000e-11,1.000000e-15,1.470415e-11
INV_X1,A_r_ZN_f,trans,0,0,1.000000e-11,1.000000e-15,1.029284e-11
INV_X1,A_r_ZN_f,delay,0,1,1.000000e-11,4.000000e-15,2.540853e-11
INV_X1,A_r_ZN_f,trans,0,1,1.000000e-11,4.000000e-15,2.389741e-11
INV_X1,A_r_ZN_f,delay,0,2,1.000000e-11,1.200000e-14,5.328358e-11
INV_X1,A_r_ZN_f,trans,0,2,1.000000e-11,1.200000e-14,6.017713e-11
INV_X1,A_r_ZN_f,delay,1,0,3.000000e-11,1.000000e-15,2.202089e-11
INV_X1,A_r_ZN_f,trans,1,0,3.000000e-11,1.000000e-15,1.285186e-11
INV_X1,A_r_ZN_f,delay,1,1,3.000000e-11,4.000000e-15,3.306038e-11
INV_X1,A_r_ZN_f,trans,1,1,3.000000e-11,4.000000e-15,2.431095e-11
INV_X1,A_r_ZN_f,delay,1,2,3.000000e-11,1.200000e-14,6.106910e-11
INV_X1,A_r_ZN_f,trans,1,2,3.000000e-11,1.200000e-14,6.017707e-11
INV_X1,A_r_ZN_f,delay,2,0,8.000000e-11,1.000000e-15,3.355257e-11
INV_X1,A_r_ZN_f,trans,2,0,8.000000e-11,1.000000e-15,2.282545e-11
INV_X1,A_r_ZN_f,delay,2,1,8.000000e-11,4.000000e-15,5.076944e-11
INV_X1,A_r_ZN_f,trans,2,1,8.000000e-11,4.000000e-15,3.375328e-11
INV_X1,A_r_ZN_f,delay,2,2,8.000000e-11,1.200000e-14,8.083652e-11
INV_X1,A_r_ZN_f,trans,2,2,8.000000e-11,1.200000e-14,6.245970e-11
INV_X1,A_f_ZN_r,delay,0,0,1.000000e-11,1.000000e-15,1.806795e-11
INV_X1,A_f_ZN_r,trans,0,0,1.000000e-11,1.000000e-15,1.611505e-11
INV_X1,A_f_ZN_r,delay,0,1,1.000000e-11,4.000000e-15,3.279435e-11
INV_X1,A_f_ZN_r,trans,0,1,1.000000e-11,4.000000e-15,3.661626e-11
INV_X1,A_f_ZN_r,delay,0,2,1.000000e-11,1.200000e-14,7.137842e-11
INV_X1,A_f_ZN_r,trans,0,2,1.000000e-11,1.200000e-14,9.128664e-11
INV_X1,A_f_ZN_r,delay,1,0,3.000000e-11,1.000000e-15,2.638431e-11
INV_X1,A_f_ZN_r,trans,1,0,3.000000e-11,1.000000e-15,1.816676e-11
INV_X1,A_f_ZN_r,delay,1,1,3.000000e-11,4.000000e-15,4.095798e-11
INV_X1,A_f_ZN_r,trans,1,1,3.000000e-11,4.000000e-15,3.661625e-11
INV_X1,A_f_ZN_r,delay,1,2,3.000000e-11,1.200000e-14,7.961634e-11
INV_X1,A_f_ZN_r,trans,1,2,3.000000e-11,1.200000e-14,9.128658e-11
INV_X1,A_f_ZN_r,delay,2,0,8.000000e-11,1.000000e-15,4.194191e-11
INV_X1,A_f_ZN_r,trans,2,0,8.000000e-11,1.000000e-15,3.004457e-11
INV_X1,A_f_ZN_r,delay,2,1,8.000000e-11,4.000000e-15,6.199059e-11
INV_X1,A_f_ZN_r,trans,2,1,8.000000e-11,4.000000e-15,4.426741e-11
INV_X1,A_f_ZN_r,delay,2,2,8.000000e-11,1.200000e-14,1.006885e-10
INV_X1,A_f_ZN_r,trans,2,2,8.000000e-11,1.200000e-14,9.181450e-11
NAND2_X1,A_r_ZN_f,delay,0,0,1.000000e-11,1.000000e-15,1.674115e-11
NAND2_X1,A_r_ZN_f,trans,0,0,1.000000e-11,1.000000e-15,1.379447e-11
NAND2_X1,A_r_ZN_f,delay,0,1,1.000000e-11,4.000000e-15,2.582710e-11
NAND2_X1,A_r_ZN_f,trans,0,1,1.000000e-11,4.000000e-15,2.556354e-11
NAND2_X1,A_r_ZN_f,delay,0,2,1.000000e-11,1.200000e-14,4.971340e-11
NAND2_X1,A_r_ZN_f,trans,0,2,1.000000e-11,1.200000e-14,5.688010e-11
NAND2_X1,A_r_ZN_f,delay,1,0,3.000000e-11,1.000000e-15,2.374415e-11
NAND2_X1,A_r_ZN_f,trans,1,0,3.000000e-11,1.000000e-15,1.577633e-11
NAND2_X1,A_r_ZN_f,delay,1,1,3.000000e-11,4.000000e-15,3.291998e-11
NAND2_X1,A_r_ZN_f,trans,1,1,3.000000e-11,4.000000e-15,2.601027e-11
NAND2_X1,A_r_ZN_f,delay,1,2,3.000000e-11,1.200000e-14,5.689694e-11
NAND2_X1,A_r_ZN_f,trans,1,2,3.000000e-11,1.200000e-14,5.687999e-11
NAND2_X1,A_r_ZN_f,delay,2,0,8.000000e-11,1.000000e-15,3.500935e-11
NAND2_X1,A_r_ZN_f,trans,2,0,8.000000e-11,1.000000e-15,2.581075e-11
NAND2_X1,A_r_ZN_f,delay,2,1,8.000000e-11,4.000000e-15,4.898940e-11
NAND2_X1,A_r_ZN_f,trans,2,1,8.000000e-11,4.000000e-15,3.549512e-11
NAND2_X1,A_r_ZN_f,delay,2,2,8.000000e-11,1.200000e-14,7.518977e-11
NAND2_X1,A_r_ZN_f,trans,2,2,8.000000e-11,1.200000e-14,6.013124e-11
NAND2_X1,A_f_ZN_r,delay,0,0,1.000000e-11,1.000000e-15,2.434389e-11
NAND2_X1,A_f_ZN_r,trans,0,0,1.000000e-11,1.000000e-15,2.369471e-11
NAND2_X1,A_f_ZN_r,delay,0,1,1.000000e-11,4.000000e-15,3.927560e-11
NAND2_X1,A_f_ZN_r,trans,0,1,1.000000e-11,4.000000e-15,4.419603e-11
NAND2_X1,A_f_ZN_r,delay,0,2,1.000000e-11,1.200000e-14,7.810387e-11
NAND2_X1,A_f_ZN_r,trans,0,2,1.000000e-11,1.200000e-14,9.886646e-11
NAND2_X1,A_f_ZN_r,delay,1,0,3.000000e-11,1.000000e-15,3.224924e-11
NAND2_X1,A_f_ZN_r,trans,1,0,3.000000e-11,1.000000e-15,2.436131e-11
NAND2_X1,A_f_ZN_r,delay,1,1,3.000000e-11,4.000000e-15,4.704226e-11
NAND2_X1,A_f_ZN_r,trans,1,1,3.000000e-11,4.000000e-15,4.419594e-11
NAND2_X1,A_f_ZN_r,delay,1,2,3.000000e-11,1.200000e-14,8.603645e-11
NAND2_X1,A_f_ZN_r,trans,1,2,3.000000e-11,1.200000e-14,9.886646e-11
NAND2_X1,A_f_ZN_r,delay,2,0,8.000000e-11,1.000000e-15,5.118165e-11
NAND2_X1,A_f_ZN_r,trans,2,0,8.000000e-11,1.000000e-15,3.515976e-11
NAND2_X1,A_f_ZN_r,delay,2,1,8.000000e-11,4.000000e-15,6.823589e-11
NAND2_X1,A_f_ZN_r,trans,2,1,8.000000e-11,4.000000e-15,4.973381e-11
NAND2_X1,A_f_ZN_r,delay,2,2,8.000000e-11,1.200000e-14,1.067708e-10
NAND2_X1,A_f_ZN_r,trans,2,2,8.000000e-11,1.200000e-14,9.904296e-11
NAND2_X1,B_r_ZN_f,delay,0,0,1.000000e-11,1.000000e-15,2.024899e-11
NAND2_X1,B_r_ZN_f,trans,0,0,1.000000e-11,1.000000e-15,1.380378e-11
NAND2_X1,B_r_ZN_f,delay,0,1,1.000000e-11,4.000000e-15,2.931109e-11
NAND2_X1,B_r_ZN_f,trans,0,1,1.000000e-11,4.000000e-15,2.556396e-11
NAND2_X1,B_r_ZN_f,delay,0,2,1.000000e-11,1.200000e-14,5.317776e-11
NAND2_X1,B_r_ZN_f,trans,0,2,1.000000e-11,1.200000e-14,5.688009e-11
NAND2_X1,B_r_ZN_f,delay,1,0,3.000000e-11,1.000000e-15,2.633793e-11
NAND2_X1,B_r_ZN_f,trans,1,0,3.000000e-11,1.000000e-15,1.442010e-11
NAND2_X1,B_r_ZN_f,delay,1,1,3.000000e-11,4.000000e-15,3.552234e-11
NAND2_X1,B_r_ZN_f,trans,1,1,3.000000e-11,4.000000e-15,2.568752e-11
NAND2_X1,B_r_ZN_f,delay,1,2,3.000000e-11,1.200000e-14,5.951652e-11
NAND2_X1,B_r_ZN_f,trans,1,2,3.000000e-11,1.200000e-14,5.688009e-11
NAND2_X1,B_r_ZN_f,delay,2,0,8.000000e-11,1.000000e-15,3.729160e-11
NAND2_X1,B_r_ZN_f,trans,2,0,8.000000e-11,1.000000e-15,1.989446e-11
NAND2_X1,B_r_ZN_f,delay,2,1,8.000000e-11,4.000000e-15,4.877420e-11
NAND2_X1,B_r_ZN_f,trans,2,1,8.000000e-11,4.000000e-15,3.025369e-11
NAND2_X1,B_r_ZN_f,delay,2,2,8.000000e-11,1.200000e-14,7.420764e-11
NAND2_X1,B_r_ZN_f,trans,2,2,8.000000e-11,1.200000e-14,5.848897e-11
NAND2_X1,B_f_ZN_r,delay,0,0,1.000000e-11,1.000000e-15,3.113188e-11
NAND2_X1,B_f_ZN_r,trans,0,0,1.000000e-11,1.000000e-15,2.936454e-11
NAND2_X1,B_f_ZN_r,delay,0,1,1.000000e-11,4.000000e-15,4.599767e-11
NAND2_X1,B_f_ZN_r,trans,0,1,1.000000e-11,4.000000e-15,5.001982e-11
NAND2_X1,B_f_ZN_r,delay,0,2,1.000000e-11,1.200000e-14,8.482868e-11
NAND2_X1,B_f_ZN_r,trans,0,2,1.000000e-11,1.200000e-14,1.049435e-10
NAND2_X1,B_f_ZN_r,delay,1,0,3.000000e-11,1.000000e-15,3.913311e-11
NAND2_X1,B_f_ZN_r,trans,1,0,3.000000e-11,1.000000e-15,2.934020e-11
NAND2_X1,B_f_ZN_r,delay,1,1,3.000000e-11,4.000000e-15,5.401635e-11
NAND2_X1,B_f_ZN_r,trans,1,1,3.000000e-11,4.000000e-15,5.001985e-11
NAND2_X1,B_f_ZN_r,delay,1,2,3.000000e-11,1.200000e-14,9.296448e-11
NAND2_X1,B_f_ZN_r,trans,1,2,3.000000e-11,1.200000e-14,1.049435e-10
NAND2_X1,B_f_ZN_r,delay,2,0,8.000000e-11,1.000000e-15,6.014478e-11
NAND2_X1,B_f_ZN_r,trans,2,0,8.000000e-11,1.000000e-15,3.691215e-11
NAND2_X1,B_f_ZN_r,delay,2,1,8.000000e-11,4.000000e-15,7.528683e-11
NAND2_X1,B_f_ZN_r,trans,2,1,8.000000e-11,4.000000e-15,5.353000e-11
NAND2_X1,B_f_ZN_r,delay,2,2,8.000000e-11,1.200000e-14,1.139782e-10
NAND2_X1,B_f_ZN_r,trans,2,2,8.000000e-11,1.200000e-14,1.049473e-10
NOR2_X1,A_r_ZN_f,delay,0,0,1.000000e-11,1.000000e-15,3.149759e-11
NOR2_X1,A_r_ZN_f,trans,0,0,1.000000e-11,1.000000e-15,2.592475e-11
NOR2_X1,A_r_ZN_f,delay,0,1,1.000000e-11,4.000000e-15,4.314472e-11
NOR2_X1,A_r_ZN_f,trans,0,1,1.000000e-11,4.000000e-15,3.980905e-11
NOR2_X1,A_r_ZN_f,delay,0,2,1.000000e-11,1.200000e-14,7.231605e-11
NOR2_X1,A_r_ZN_f,trans,0,2,1.000000e-11,1.200000e-14,7.633279e-11
NOR2_X1,A_r_ZN_f,delay,1,0,3.000000e-11,1.000000e-15,3.872590e-11
NOR2_X1,A_r_ZN_f,trans,1,0,3.000000e-11,1.000000e-15,2.570503e-11
NOR2_X1,A_r_ZN_f,delay,1,1,3.000000e-11,4.000000e-15,5.046492e-11
NOR2_X1,A_r_ZN_f,trans,1,1,3.000000e-11,4.000000e-15,3.977259e-11
NOR2_X1,A_r_ZN_f,delay,1,2,3.000000e-11,1.200000e-14,7.975798e-11
NOR2_X1,A_r_ZN_f,trans,1,2,3.000000e-11,1.200000e-14,7.633325e-11
NOR2_X1,A_r_ZN_f,delay,2,0,8.000000e-11,1.000000e-15,5.806978e-11
NOR2_X1,A_r_ZN_f,trans,2,0,8.000000e-11,1.000000e-15,3.141575e-11
NOR2_X1,A_r_ZN_f,delay,2,1,8.000000e-11,4.000000e-15,6.998708e-11
NOR2_X1,A_r_ZN_f,trans,2,1,8.000000e-11,4.000000e-15,4.286432e-11
NOR2_X1,A_r_ZN_f,delay,2,2,8.000000e-11,1.200000e-14,9.923010e-11
NOR2_X1,A_r_ZN_f,trans,2,2,8.000000e-11,1.200000e-14,7.663387e-11
NOR2_X1,A_f_ZN_r,delay,0,0,1.000000e-11,1.000000e-15,3.803910e-11
NOR2_X1,A_f_ZN_r,trans,0,0,1.000000e-11,1.000000e-15,2.779281e-11
NOR2_X1,A_f_ZN_r,delay,0,1,1.000000e-11,4.000000e-15,5.301202e-11
NOR2_X1,A_f_ZN_r,trans,0,1,1.000000e-11,4.000000e-15,4.822424e-11
NOR2_X1,A_f_ZN_r,delay,0,2,1.000000e-11,1.200000e-14,9.254405e-11
NOR2_X1,A_f_ZN_r,trans,0,2,1.000000e-11,1.200000e-14,1.029966e-10
NOR2_X1,A_f_ZN_r,delay,1,0,3.000000e-11,1.000000e-15,4.639541e-11
NOR2_X1,A_f_ZN_r,trans,1,0,3.000000e-11,1.000000e-15,2.783626e-11
NOR2_X1,A_f_ZN_r,delay,1,1,3.000000e-11,4.000000e-15,6.139926e-11
NOR2_X1,A_f_ZN_r,trans,1,1,3.000000e-11,4.000000e-15,4.823356e-11
NOR2_X1,A_f_ZN_r,delay,1,2,3.000000e-11,1.200000e-14,1.010090e-10
NOR2_X1,A_f_ZN_r,trans,1,2,3.000000e-11,1.200000e-14,1.029969e-10
NOR2_X1,A_f_ZN_r,delay,2,0,8.000000e-11,1.000000e-15,6.408094e-11
NOR2_X1,A_f_ZN_r,trans,2,0,8.000000e-11,1.000000e-15,3.074638e-11
NOR2_X1,A_f_ZN_r,delay,2,1,8.000000e-11,4.000000e-15,7.960520e-11
NOR2_X1,A_f_ZN_r,trans,2,1,8.000000e-11,4.000000e-15,4.959544e-11
NOR2_X1,A_f_ZN_r,delay,2,2,8.000000e-11,1.200000e-14,1.192264e-10
NOR2_X1,A_f_ZN_r,trans,2,2,8.000000e-11,1.200000e-14,1.030514e-10
NOR2_X1,B_r_ZN_f,delay,0,0,1.000000e-11,1.000000e-15,2.136927e-11
NOR2_X1,B_r_ZN_f,trans,0,0,1.000000e-11,1.000000e-15,1.529535e-11
NOR2_X1,B_r_ZN_f,delay,0,1,1.000000e-11,4.000000e-15,3.241590e-11
NOR2_X1,B_r_ZN_f,trans,0,1,1.000000e-11,4.000000e-15,2.890006e-11
NOR2_X1,B_r_ZN_f,delay,0,2,1.000000e-11,1.200000e-14,6.061591e-11
NOR2_X1,B_r_ZN_f,trans,0,2,1.000000e-11,1.200000e-14,6.517973e-11
NOR2_X1,B_r_ZN_f,delay,1,0,3.000000e-11,1.000000e-15,2.849951e-11
NOR2_X1,B_r_ZN_f,trans,1,0,3.000000e-11,1.000000e-15,1.602223e-11
NOR2_X1,B_r_ZN_f,delay,1,1,3.000000e-11,4.000000e-15,3.969212e-11
NOR2_X1,B_r_ZN_f,trans,1,1,3.000000e-11,4.000000e-15,2.889999e-11
NOR2_X1,B_r_ZN_f,delay,1,2,3.000000e-11,1.200000e-14,6.828945e-11
NOR2_X1,B_r_ZN_f,trans,1,2,3.000000e-11,1.200000e-14,6.517974e-11
NOR2_X1,B_r_ZN_f,delay,2,0,8.000000e-11,1.000000e-15,4.340365e-11
NOR2_X1,B_r_ZN_f,trans,2,0,8.000000e-11,1.000000e-15,2.594694e-11
NOR2_X1,B_r_ZN_f,delay,2,1,8.000000e-11,4.000000e-15,5.819326e-11
NOR2_X1,B_r_ZN_f,trans,2,1,8.000000e-11,4.000000e-15,3.582915e-11
NOR2_X1,B_r_ZN_f,delay,2,2,8.000000e-11,1.200000e-14,8.748795e-11
NOR2_X1,B_r_ZN_f,trans,2,2,8.000000e-11,1.200000e-14,6.636774e-11
NOR2_X1,B_f_ZN_r,delay,0,0,1.000000e-11,1.000000e-15,2.487202e-11
NOR2_X1,B_f_ZN_r,trans,0,0,1.000000e-11,1.000000e-15,2.720957e-11
NOR2_X1,B_f_ZN_r,delay,0,1,1.000000e-11,4.000000e-15,4.007126e-11
NOR2_X1,B_f_ZN_r,trans,0,1,1.000000e-11,4.000000e-15,4.808003e-11
NOR2_X1,B_f_ZN_r,delay,0,2,1.000000e-11,1.200000e-14,7.980863e-11
NOR2_X1,B_f_ZN_r,trans,0,2,1.000000e-11,1.200000e-14,1.029925e-10
NOR2_X1,B_f_ZN_r,delay,1,0,3.000000e-11,1.000000e-15,3.163206e-11
NOR2_X1,B_f_ZN_r,trans,1,0,3.000000e-11,1.000000e-15,2.773000e-11
NOR2_X1,B_f_ZN_r,delay,1,1,3.000000e-11,4.000000e-15,4.671105e-11
NOR2_X1,B_f_ZN_r,trans,1,1,3.000000e-11,4.000000e-15,4.786052e-11
NOR2_X1,B_f_ZN_r,delay,1,2,3.000000e-11,1.200000e-14,8.659275e-11
NOR2_X1,B_f_ZN_r,trans,1,2,3.000000e-11,1.200000e-14,1.029862e-10
NOR2_X1,B_f_ZN_r,delay,2,0,8.000000e-11,1.000000e-15,4.734315e-11
NOR2_X1,B_f_ZN_r,trans,2,0,8.000000e-11,1.000000e-15,3.903315e-11
NOR2_X1,B_f_ZN_r,delay,2,1,8.000000e-11,4.000000e-15,6.528495e-11
NOR2_X1,B_f_ZN_r,trans,2,1,8.000000e-11,4.000000e-15,5.406550e-11
NOR2_X1,B_f_ZN_r,delay,2,2,8.000000e-11,1.200000e-14,1.047114e-10
NOR2_X1,B_f_ZN_r,trans,2,2,8.000000e-11,1.200000e-14,1.032652e-10
